ra,dec,source_type,z_spec,z_phot,mag_g,mag_r,mag_z,reference
0.3685 ,-57.8585 ,SER,-99,0.7300 ,21.7244 ,20.2271 ,18.6526 ,Stein et al.2022
0.8183 ,-33.8012 ,SER,-99,0.6372 ,21.3566 ,19.6573 ,18.2046 ,Jacobs et al.2019
0.9602 ,15.0423 ,DEV,-99,0.6439 ,21.8186 ,20.2299 ,18.8619 ,Stein et al.2022
1.9564 ,18.6161 ,SER,-99,0.6189 ,20.7038 ,20.2090 ,19.6692 ,Stein et al.2022
2.5204 ,-35.7296 ,REX,-99,0.4768 ,20.6988 ,19.7377 ,18.8942 ,Huang et al. 2021
2.7167 ,18.5282 ,SER,-99,0.5792 ,21.9672 ,20.4868 ,19.3202 ,Huang et al. 2021
3.2902 ,0.6676 ,REX,0.6930 ,0.8054 ,21.2532 ,20.5728 ,19.4516 ,SuGOHI10 DES
3.3086 ,-56.1443 ,DEV,-99,0.9590 ,23.3187 ,21.7780 ,19.8316 ,Stein et al.2022
3.3758 ,-47.5862 ,REX,-99,0.5693 ,21.2905 ,20.5214 ,19.3423 ,Stein et al.2022
3.9776 ,-63.7715 ,SER,-99,0.6492 ,21.0612 ,19.4847 ,18.0304 ,Jacobs et al.2019
4.0093 ,-13.4169 ,SER,-99,0.4847 ,21.0617 ,19.2340 ,18.1507 ,Huang et al. 2021
4.0930 ,-9.1126 ,SER,-99,0.4431 ,22.0815 ,20.2312 ,19.2119 ,Huang et al. 2021
5.2593 ,-26.5437 ,SER,-99,0.6802 ,23.1742 ,21.2171 ,19.6723 ,Huang et al. 2021
5.6187 ,1.8037 ,DEV,-99,0.7422 ,20.7925 ,19.9967 ,18.4965 ,Huang et al. 2020
6.2945 ,-49.7741 ,SER,-99,0.6880 ,22.0864 ,20.1486 ,18.5906 ,Stein et al.2022
6.9778 ,-47.1915 ,DEV,-99,0.8637 ,23.4736 ,21.3807 ,19.4480 ,Stein et al.2022
7.6017 ,-4.4479 ,DEV,0.7898 ,0.7751 ,22.6026 ,20.8440 ,19.0166 ,Storfer et al. 2022
7.8320 ,-64.3438 ,DEV,-99,0.7953 ,22.1582 ,20.8084 ,19.2207 ,Jacobs et al.2019
8.0136 ,7.6678 ,SER,0.6437 ,0.6490 ,20.8480 ,19.2269 ,17.7199 ,Huang et al. 2021
8.4195 ,-46.5522 ,REX,-99,0.4674 ,20.9275 ,20.5061 ,19.8957 ,Storfer et al. 2022
8.7731 ,-2.1598 ,EXP,0.7811 ,0.6019 ,21.2823 ,20.4672 ,19.3765 ,Stein et al.2022
8.8215 ,-25.5456 ,SER,-99,0.7495 ,21.0097 ,20.2523 ,19.2770 ,Stein et al.2022
8.8610 ,-50.3323 ,DEV,-99,0.5129 ,21.9292 ,20.1426 ,19.0032 ,Stein et al.2022
9.6226 ,-36.7634 ,REX,-99,0.7512 ,21.2158 ,20.3500 ,19.3119 ,Huang et al. 2021
9.6926 ,-29.6019 ,DEV,-99,0.8287 ,23.0587 ,21.3320 ,19.3494 ,Jacobs et al.2019
9.9949 ,-11.4890 ,SER,-99,0.4097 ,21.0563 ,19.1936 ,18.1318 ,Stein et al.2022
10.2876 ,-0.7303 ,DEV,0.5637 ,0.5772 ,21.1408 ,19.5168 ,18.2656 ,Huang et al. 2020
10.5692 ,-5.5844 ,DEV,-99,0.8997 ,21.9745 ,21.1223 ,19.2708 ,Huang et al. 2021
10.9206 ,5.6150 ,SER,0.6298 ,0.5796 ,20.2705 ,19.0637 ,18.0051 ,Stein et al.2022
10.9448 ,-31.1979 ,SER,-99,0.7071 ,22.1303 ,20.1548 ,18.4921 ,Stein et al.2022
11.0219 ,-4.8058 ,SER,0.7724 ,0.7711 ,22.8481 ,20.9150 ,19.0569 ,Huang et al. 2020
11.5461 ,-18.2712 ,SER,-99,0.3160 ,20.1758 ,18.6191 ,17.7769 ,Stein et al.2022
12.1211 ,-61.1384 ,SER,-99,0.5073 ,21.6773 ,19.8661 ,18.7541 ,Stein et al.2022
12.4931 ,2.4544 ,SER,-99,0.4385 ,20.5066 ,20.0994 ,19.5712 ,Stein et al.2022
12.6879 ,5.1953 ,SER,-99,0.3991 ,20.0586 ,18.4351 ,17.5036 ,Huang et al. 2021
12.7302 ,-17.3424 ,REX,-99,0.7519 ,21.7451 ,20.5652 ,19.1433 ,Huang et al. 2021
12.9008 ,-9.3904 ,DEV,-99,0.7134 ,22.3069 ,20.3294 ,18.6325 ,Huang et al. 2021
13.7833 ,-27.4021 ,SER,-99,0.6132 ,21.3619 ,19.6883 ,18.2873 ,Stein et al.2022
13.9873 ,-0.6495 ,SER,0.5664 ,0.5847 ,20.7991 ,19.2761 ,18.0455 ,Huang et al. 2020
14.4037 ,-48.8040 ,SER,-99,0.4101 ,21.0407 ,19.3471 ,18.4113 ,Diehl et al. 2017
14.6447 ,-52.0332 ,SER,-99,0.6292 ,21.7164 ,19.9946 ,18.6014 ,Jacobs et al.2019
14.6685 ,5.7665 ,SER,-99,0.6949 ,22.6476 ,20.7257 ,19.1113 ,Huang et al. 2021
14.8285 ,-33.0330 ,REX,-99,0.7068 ,21.5464 ,20.5385 ,19.3361 ,Stein et al.2022
14.9575 ,-5.5838 ,DEV,-99,0.5623 ,21.6990 ,20.1689 ,18.9251 ,Huang et al. 2021
15.6786 ,-23.9439 ,DEV,-99,0.7084 ,22.7324 ,20.7854 ,19.1504 ,Huang et al. 2021
15.8440 ,-18.3629 ,DEV,-99,0.3535 ,20.3890 ,18.6985 ,17.8133 ,Huang et al. 2021
16.1300 ,-19.8697 ,SER,-99,0.4296 ,21.2695 ,19.4717 ,18.5214 ,Huang et al. 2021
16.7413 ,-15.6928 ,DEV,-99,0.6292 ,21.0212 ,19.6697 ,18.4461 ,Jacobs et al.2019
16.7464 ,-44.5337 ,SER,-99,0.6501 ,21.2377 ,19.8988 ,18.6474 ,Jacobs et al.2019
16.7705 ,-31.4780 ,SER,-99,0.7743 ,22.3043 ,20.3895 ,18.5620 ,Huang et al. 2021
16.8009 ,-16.8580 ,SER,-99,0.3709 ,20.8842 ,19.3550 ,18.4775 ,Huang et al. 2020
17.2022 ,-31.8765 ,SER,-99,0.8351 ,21.2607 ,20.5361 ,19.3493 ,Stein et al.2022
17.3811 ,13.3330 ,DEV,-99,0.8110 ,23.3580 ,21.6025 ,19.8161 ,Stein et al.2022
18.3897 ,-38.2203 ,DEV,-99,0.8045 ,23.2215 ,21.1729 ,19.3412 ,Stein et al.2022
18.5762 ,-25.9464 ,REX,-99,0.6624 ,21.5296 ,20.2459 ,19.0091 ,Stein et al.2022
19.4949 ,-5.4550 ,SER,0.5797 ,0.5573 ,21.2460 ,19.6090 ,18.3130 ,Huang et al. 2020
20.4524 ,-18.1320 ,SER,-99,0.3175 ,19.9344 ,18.9984 ,18.2796 ,Stein et al.2022
20.7598 ,-13.2227 ,DEV,-99,0.7199 ,22.6151 ,20.9468 ,19.3414 ,Huang et al. 2020
20.7960 ,30.9619 ,DEV,0.6190 ,0.6301 ,21.6029 ,19.9068 ,18.4596 ,Huang et al. 2021
21.2646 ,-36.7664 ,DEV,-99,0.7015 ,22.5259 ,20.5687 ,18.9375 ,Jacobs et al.2019
21.5140 ,-10.3682 ,SER,-99,0.2085 ,19.5349 ,18.2877 ,17.5501 ,Huang et al. 2021
22.2514 ,-30.5548 ,DEV,-99,0.5645 ,20.5497 ,19.7524 ,18.4071 ,Stein et al.2022
22.3389 ,0.6547 ,SER,-99,0.7365 ,23.2099 ,21.5230 ,19.9277 ,Huang et al. 2020
22.5009 ,-29.2679 ,SER,-99,0.8709 ,21.3931 ,20.7544 ,19.5971 ,Stein et al.2022
22.5121 ,-37.7494 ,SER,-99,0.6036 ,20.7228 ,18.8097 ,17.3679 ,Storfer et al. 2022
22.6104 ,-15.3370 ,SER,-99,0.5850 ,21.1984 ,19.4346 ,18.1191 ,Huang et al. 2020
23.9283 ,-20.5599 ,DEV,-99,0.6111 ,20.7587 ,19.0571 ,17.6701 ,Jacobs et al.2019
24.1141 ,-6.6125 ,EXP,-99,0.5691 ,21.2894 ,20.1813 ,19.1371 ,Stein et al.2022
24.1759 ,-12.2872 ,SER,-99,0.4479 ,20.9158 ,19.1762 ,18.1768 ,Huang et al. 2021
24.4002 ,-27.1526 ,SER,-99,0.2670 ,20.2306 ,18.9796 ,18.2724 ,Huang et al. 2021
25.1416 ,-55.0038 ,REX,-99,0.8238 ,22.0555 ,21.0855 ,19.6289 ,Stein et al.2022
25.2755 ,-17.2232 ,DEV,-99,0.6155 ,21.4449 ,19.7466 ,18.3516 ,Huang et al. 2020
25.8361 ,-10.0680 ,SER,0.2422 ,0.2072 ,19.6498 ,18.4911 ,17.7896 ,Huang et al. 2020
25.9952 ,12.9370 ,SER,-99,0.4600 ,20.5885 ,18.6722 ,17.5938 ,Huang et al. 2021
26.0360 ,-32.0932 ,EXP,-99,0.7927 ,23.0942 ,21.5550 ,19.8920 ,Stein et al.2022
26.0386 ,-14.5170 ,DEV,-99,0.7002 ,21.1145 ,19.9059 ,18.5874 ,Stein et al.2022
26.1390 ,-11.7026 ,DEV,-99,0.6669 ,22.8435 ,21.1205 ,19.6695 ,Huang et al. 2020
26.1543 ,7.2666 ,SER,0.6866 ,0.6841 ,21.9338 ,20.0123 ,18.3948 ,Stein et al.2022
26.3760 ,-11.0295 ,EXP,-99,0.6826 ,21.3830 ,20.2316 ,19.1492 ,Stein et al.2022
26.4848 ,4.0413 ,SER,-99,0.7800 ,22.3402 ,20.6550 ,18.8722 ,Huang et al. 2020
26.7334 ,-9.4979 ,SER,0.4469 ,0.4390 ,19.2332 ,17.3653 ,16.3471 ,The Master Lens Database
26.8786 ,-45.1263 ,SER,-99,0.6136 ,21.1848 ,19.6904 ,18.4167 ,Stein et al.2022
27.1631 ,-44.4321 ,SER,-99,0.7641 ,22.4157 ,20.7483 ,18.9027 ,Stein et al.2022
27.5987 ,-31.7110 ,SER,-99,0.5434 ,20.0585 ,18.8705 ,17.8149 ,Stein et al.2022
27.6039 ,-41.1923 ,SER,-99,0.6877 ,21.6600 ,20.4219 ,19.2109 ,Stein et al.2022
28.7845 ,-25.8463 ,SER,-99,0.5432 ,21.5255 ,19.6327 ,18.3856 ,Huang et al. 2021
28.8318 ,-48.5765 ,SER,-99,0.6717 ,21.2298 ,20.8174 ,19.8794 ,Stein et al.2022
29.0400 ,-10.4926 ,SER,-99,0.6603 ,21.9971 ,20.5119 ,19.1518 ,Huang et al. 2020
29.3812 ,-3.5160 ,DEV,0.6212 ,0.7325 ,22.0546 ,20.8865 ,19.5385 ,SuGOHI1 SuGOHI10 HOLISMOKES8 HOLISMOKES6+13
29.4599 ,-0.6385 ,DEV,0.5197 ,0.5294 ,20.8710 ,19.4447 ,18.4012 ,SuGOHI2
29.5569 ,-11.2721 ,DEV,-99,0.4203 ,21.6077 ,19.8512 ,19.0054 ,Huang et al. 2021
29.5591 ,27.0668 ,DEV,-99,0.6935 ,23.0896 ,21.3711 ,19.7903 ,Stein et al.2022
29.9198 ,-24.0197 ,REX,-99,0.7874 ,20.9223 ,20.2367 ,19.0517 ,Jacobs et al.2019
30.1018 ,-10.7692 ,SER,-99,0.2304 ,19.3952 ,18.2328 ,17.5050 ,Huang et al. 2021
30.3565 ,-42.6090 ,SER,-99,0.6877 ,22.6216 ,20.7826 ,19.2309 ,Jacobs et al.2019
30.4360 ,-27.6618 ,SER,-99,0.8232 ,22.3787 ,21.2576 ,19.5320 ,Huang et al. 2021
30.6376 ,-36.1256 ,REX,-99,0.6511 ,21.1638 ,20.1019 ,19.0902 ,Stein et al.2022
30.8236 ,-35.5156 ,SER,-99,0.6078 ,21.8858 ,20.1433 ,18.7732 ,Stein et al.2022
31.0892 ,31.5296 ,SER,-99,0.3254 ,20.6199 ,19.1921 ,18.2764 ,Stein et al.2022
31.3208 ,-1.3890 ,REX,-99,0.6892 ,20.9745 ,20.1736 ,19.0387 ,Jacobs et al.2019
31.5475 ,-37.4941 ,SER,-99,0.5054 ,21.0705 ,19.1991 ,18.0301 ,Stein et al.2022
31.5562 ,-1.2382 ,SER,-99,0.7747 ,20.7049 ,19.9877 ,18.7925 ,Storfer et al. 2022
31.6715 ,-2.0052 ,DEV,-99,0.6888 ,20.3797 ,19.6350 ,18.3423 ,Huang et al. 2021
31.7778 ,-27.4457 ,SER,-99,0.3346 ,18.6588 ,17.0594 ,16.1738 ,Huang et al. 2021
32.0406 ,-4.6977 ,DEV,0.7181 ,0.7030 ,22.5788 ,20.6827 ,19.0561 ,Stein et al.2022
32.9976 ,-59.9403 ,SER,-99,0.2064 ,18.9872 ,17.9140 ,17.1955 ,Stein et al.2022
33.1051 ,-8.8697 ,DEV,0.7593 ,0.7283 ,21.7318 ,20.2822 ,18.6396 ,Jacobs et al.2019
33.1660 ,-35.1505 ,DEV,-99,0.6862 ,22.4110 ,20.4436 ,18.8523 ,Stein et al.2022
33.5130 ,-13.2876 ,SER,-99,0.6683 ,21.8685 ,20.1947 ,18.7282 ,Jacobs et al.2019
34.8554 ,5.6438 ,DEV,-99,0.8184 ,22.5664 ,21.2930 ,19.2969 ,Huang et al. 2021
35.1796 ,-10.8712 ,SER,-99,0.6810 ,21.6907 ,20.3221 ,18.8002 ,The Master Lens Database
35.1902 ,-1.4189 ,SER,-99,0.6156 ,20.7360 ,20.0314 ,19.2572 ,Stein et al.2022
35.4511 ,-64.4453 ,SER,-99,0.3303 ,21.1640 ,20.5020 ,19.9927 ,Stein et al.2022
35.5497 ,-50.5232 ,DEV,-99,0.6487 ,22.3381 ,20.6012 ,19.2138 ,Diehl et al. 2017
35.5934 ,-2.3698 ,DEV,-99,0.8641 ,22.7116 ,21.6450 ,19.5683 ,Storfer et al. 2022
35.7066 ,-34.4901 ,DEV,-99,0.6305 ,22.2302 ,20.8544 ,19.6828 ,Stein et al.2022
36.0677 ,-16.3767 ,DEV,-99,0.6368 ,21.5461 ,19.8956 ,18.4693 ,Huang et al. 2020
36.3834 ,-4.8500 ,REX,-99,0.6495 ,20.9859 ,19.9605 ,19.0247 ,Huang et al. 2021
37.0378 ,-12.8812 ,SER,-99,0.4634 ,20.7836 ,19.4356 ,18.3543 ,Huang et al. 2020
37.2442 ,-17.2723 ,REX,-99,0.8362 ,21.3822 ,20.6820 ,19.3996 ,Huang et al. 2021
37.4837 ,-31.1730 ,DEV,-99,0.4548 ,22.2708 ,20.5121 ,19.4136 ,Huang et al. 2021
37.5699 ,-31.3669 ,SER,-99,0.5530 ,21.1036 ,19.7720 ,18.7279 ,Jacobs et al.2019
38.0264 ,-35.4899 ,REX,-99,0.6103 ,21.2899 ,19.9882 ,18.8997 ,Huang et al. 2021
38.2078 ,-3.3906 ,SER,-99,0.4286 ,19.9022 ,18.1271 ,17.1454 ,Huang et al. 2020
38.4885 ,6.7115 ,SER,-99,0.5972 ,21.3464 ,19.5684 ,18.1440 ,Stein et al.2022
38.6758 ,-14.5978 ,SER,-99,0.7160 ,21.3985 ,20.3181 ,19.1688 ,Stein et al.2022
38.9099 ,-41.7302 ,REX,-99,0.7668 ,21.4898 ,20.4705 ,19.1720 ,Stein et al.2022
39.3638 ,-9.2190 ,DEV,-99,0.9133 ,22.2598 ,21.0110 ,19.2231 ,Jacobs et al.2019
39.4391 ,-18.0172 ,REX,-99,0.7631 ,21.2418 ,20.5868 ,19.5563 ,Jacobs et al.2019
39.8741 ,14.3212 ,DEV,-99,0.7610 ,22.0828 ,20.4024 ,18.5823 ,Stein et al.2022
39.9261 ,-1.4632 ,SER,-99,0.2921 ,19.7190 ,18.5193 ,17.7063 ,Huang et al. 2020
40.0268 ,-11.4252 ,REX,-99,0.6972 ,21.3785 ,20.2123 ,19.0122 ,Huang et al. 2021
40.3276 ,-26.7760 ,SER,-99,0.5764 ,19.9816 ,19.0562 ,18.0566 ,Stein et al.2022
40.6694 ,7.0367 ,SER,-99,0.2692 ,19.9696 ,18.7422 ,17.7578 ,Stein et al.2022
40.7511 ,-19.8931 ,REX,-99,0.7901 ,21.5448 ,20.7021 ,19.4882 ,Huang et al. 2021
40.7543 ,-28.2786 ,DEV,-99,0.7023 ,23.0542 ,21.1534 ,19.5148 ,Stein et al.2022
41.0434 ,-46.4402 ,SER,-99,0.6214 ,20.8031 ,19.7624 ,18.8643 ,Stein et al.2022
41.7696 ,-21.3896 ,SER,-99,0.3501 ,19.6328 ,18.2443 ,17.3848 ,Stein et al.2022
42.0397 ,-39.9301 ,DEV,-99,0.6788 ,20.8217 ,19.2792 ,17.7907 ,Jacobs et al.2019
42.5350 ,0.1379 ,SER,0.8279 ,0.8035 ,22.7321 ,20.8337 ,18.8940 ,Huang et al. 2021
43.1732 ,-14.9921 ,SER,-99,0.2477 ,17.9893 ,16.5387 ,15.6948 ,Carrasco et al.2017
43.4829 ,-35.2228 ,SER,-99,0.7905 ,22.1220 ,20.8343 ,19.2504 ,Stein et al.2022
43.5071 ,-42.3918 ,SER,-99,0.6523 ,21.1426 ,20.1808 ,19.1958 ,Stein et al.2022
43.8215 ,-16.6815 ,SER,-99,0.6949 ,22.9952 ,21.0339 ,19.4174 ,Huang et al. 2021
44.9811 ,1.1387 ,DEV,-99,0.8864 ,22.9500 ,21.3949 ,19.4207 ,Huang et al. 2021
45.8553 ,-22.9291 ,SER,-99,0.5531 ,21.6457 ,19.8499 ,18.6284 ,Huang et al. 2021
45.8714 ,3.7781 ,SER,-99,0.7009 ,21.9405 ,20.1703 ,18.5108 ,Huang et al. 2021
45.9681 ,-50.3978 ,EXP,-99,0.5432 ,21.6115 ,20.5420 ,19.5412 ,Jacobs et al.2019
46.1573 ,-58.7799 ,SER,-99,0.7397 ,20.8772 ,20.3567 ,19.5979 ,Storfer et al. 2022
46.4172 ,-29.5712 ,SER,-99,0.3556 ,20.1239 ,18.3895 ,17.5169 ,Huang et al. 2021
46.6654 ,-27.6075 ,SER,-99,0.3851 ,19.7468 ,18.2170 ,17.2568 ,Huang et al. 2021
47.0084 ,-28.2318 ,SER,-99,0.5376 ,20.6462 ,19.1182 ,17.9942 ,Stein et al.2022
47.1385 ,-17.6676 ,REX,-99,0.7493 ,21.2935 ,20.4933 ,19.4214 ,Huang et al. 2021
47.2494 ,-34.6868 ,SER,-99,0.3980 ,21.0065 ,19.4110 ,18.3291 ,Stein et al.2022
47.4380 ,-14.6211 ,SER,-99,0.8178 ,22.8529 ,21.3285 ,19.4635 ,Huang et al. 2021
47.6908 ,-35.7984 ,SER,-99,0.7501 ,21.2350 ,20.2496 ,18.9442 ,Jacobs et al.2019
47.7087 ,-17.7748 ,EXP,-99,0.6691 ,23.0677 ,21.3197 ,19.8010 ,Huang et al. 2020
47.9096 ,-44.1370 ,DEV,-99,0.8951 ,23.6400 ,21.9186 ,19.8845 ,Stein et al.2022
47.9174 ,-7.5180 ,SER,-99,0.4286 ,20.4338 ,19.0556 ,18.1814 ,Huang et al. 2021
48.5476 ,-21.1639 ,DEV,-99,0.7882 ,21.3414 ,20.3098 ,18.8549 ,Stein et al.2022
48.5980 ,-54.6504 ,SER,-99,0.7375 ,21.2048 ,20.6723 ,19.5660 ,Stein et al.2022
48.7962 ,-25.7538 ,DEV,-99,0.8670 ,23.5464 ,21.6857 ,19.7615 ,Stein et al.2022
48.8684 ,-27.9493 ,SER,-99,0.4475 ,19.8768 ,18.0395 ,17.0367 ,Stein et al.2022
49.2773 ,-43.4571 ,REX,-99,0.8240 ,21.1915 ,20.5350 ,19.4972 ,Stein et al.2022
49.4191 ,-17.1849 ,SER,-99,0.4983 ,20.3231 ,18.7776 ,17.7162 ,Stein et al.2022
49.4409 ,-19.5621 ,EXP,-99,0.7534 ,22.3773 ,21.2259 ,19.9385 ,Stein et al.2022
49.7786 ,-27.6615 ,DEV,-99,0.6966 ,21.7997 ,20.5057 ,19.1890 ,Huang et al. 2021
49.9220 ,-17.5679 ,DEV,-99,0.7610 ,22.3311 ,20.7533 ,19.0635 ,Jacobs et al.2019
49.9922 ,-47.9877 ,SER,-99,0.5236 ,21.6359 ,19.9715 ,18.7467 ,Storfer et al. 2022
49.9923 ,-3.4863 ,SER,-99,0.5066 ,21.6820 ,19.9396 ,18.8059 ,Stein et al.2022
50.1168 ,-41.9888 ,SER,-99,0.6417 ,21.4688 ,19.7606 ,18.2564 ,Jacobs et al.2019
50.3566 ,-15.5010 ,SER,-99,0.6799 ,21.6686 ,19.8744 ,18.2660 ,Jacobs et al.2019
50.5684 ,-52.5779 ,SER,-99,0.4421 ,20.0039 ,18.1908 ,17.2036 ,Diehl et al. 2017
50.5943 ,-42.4061 ,SER,-99,0.6296 ,21.4241 ,19.9759 ,18.7135 ,Jacobs et al.2019
50.6769 ,-23.6652 ,SER,-99,0.6653 ,21.5389 ,20.1636 ,18.8616 ,Jacobs et al.2019
51.0021 ,-27.1917 ,SER,-99,0.7002 ,21.9654 ,20.2589 ,18.7098 ,Huang et al. 2021
51.1150 ,-44.5028 ,EXP,-99,0.7927 ,21.8945 ,20.6627 ,19.1352 ,Stein et al.2022
51.2450 ,-11.5876 ,SER,-99,0.4236 ,21.3772 ,19.5575 ,18.5142 ,Huang et al. 2021
51.3049 ,-12.0802 ,SER,-99,0.6046 ,21.2275 ,20.1059 ,18.9879 ,Stein et al.2022
52.0052 ,-40.4992 ,DEV,-99,0.5698 ,20.9959 ,19.6003 ,18.4847 ,Jacobs et al.2019
52.0124 ,-21.6761 ,DEV,-99,0.8120 ,23.1326 ,21.2730 ,19.3479 ,Stein et al.2022
52.3771 ,-52.0246 ,SER,-99,0.6543 ,21.5180 ,19.8141 ,18.3221 ,Stein et al.2022
52.5973 ,-63.0369 ,SER,-99,0.4964 ,21.6195 ,20.5590 ,19.7153 ,Stein et al.2022
52.6284 ,-21.4532 ,REX,-99,0.7413 ,21.6488 ,20.7546 ,19.6820 ,Jacobs et al.2019
52.7565 ,-9.4508 ,DEV,-99,0.8378 ,23.4517 ,21.3966 ,19.3236 ,Huang et al. 2021
52.9324 ,-61.3876 ,DEV,-99,0.7909 ,22.2741 ,20.4808 ,18.6502 ,Stein et al.2022
54.1190 ,-38.2024 ,SER,-99,0.5437 ,20.3961 ,19.1223 ,18.2104 ,Jacobs et al.2019
54.2561 ,-43.4765 ,SER,-99,0.6770 ,22.3426 ,20.4570 ,18.8979 ,Stein et al.2022
55.0891 ,-25.5584 ,SER,-99,0.6326 ,21.2337 ,19.4918 ,18.0287 ,Huang et al. 2021
55.4365 ,-31.6484 ,SER,-99,0.7804 ,21.7381 ,20.8436 ,19.7000 ,Huang et al. 2021
55.5764 ,-57.8697 ,DEV,-99,0.9065 ,24.2972 ,22.0479 ,19.9588 ,Stein et al.2022
56.2697 ,-33.0721 ,SER,-99,0.5991 ,21.8606 ,20.0383 ,18.6728 ,Stein et al.2022
56.6788 ,-9.2313 ,SER,-99,0.4325 ,20.1999 ,18.3528 ,17.3046 ,Huang et al. 2021
57.1209 ,-38.8714 ,SER,-99,0.7196 ,21.3217 ,20.3469 ,18.9182 ,Stein et al.2022
57.2074 ,-10.2962 ,SER,-99,0.7317 ,21.9547 ,20.1740 ,18.4488 ,Huang et al. 2021
57.3313 ,-48.9592 ,SER,-99,0.6507 ,20.5178 ,18.9738 ,17.5453 ,Diehl et al. 2017
57.5232 ,-13.1978 ,SER,-99,0.5294 ,22.3592 ,20.8288 ,19.6156 ,Huang et al. 2021
57.9070 ,-7.8706 ,SER,-99,0.6597 ,21.5760 ,19.8996 ,18.3478 ,Huang et al. 2021
57.9594 ,-22.2418 ,SER,-99,0.6646 ,20.9473 ,19.8393 ,18.5592 ,Jacobs et al.2019
58.1777 ,-19.3799 ,DEV,-99,0.6232 ,22.5901 ,20.9845 ,19.6313 ,Huang et al. 2021
58.4427 ,-17.1109 ,DEV,-99,0.5256 ,21.2565 ,19.8479 ,18.4451 ,Jacobs et al.2019
58.5761 ,-16.1645 ,SER,-99,0.5887 ,21.0897 ,19.2216 ,17.8400 ,Jacobs et al.2019
59.0860 ,-53.9585 ,SER,-99,0.6075 ,20.8172 ,19.3174 ,18.0363 ,Stein et al.2022
60.3146 ,-9.8606 ,SER,-99,0.5816 ,20.8404 ,19.4532 ,17.7784 ,Stein et al.2022
60.4821 ,-34.0891 ,DEV,-99,0.5033 ,20.9632 ,19.3398 ,18.1837 ,Stein et al.2022
60.4915 ,-48.7503 ,SER,-99,0.6409 ,21.2227 ,19.6351 ,18.1836 ,Jacobs et al.2019
60.5238 ,-22.0990 ,SER,-99,0.4570 ,21.1696 ,19.3353 ,18.2787 ,Jacobs et al.2019
60.8822 ,-23.2443 ,REX,-99,0.5670 ,21.6411 ,20.4739 ,19.5646 ,Stein et al.2022
61.4532 ,-22.4275 ,SER,-99,0.5392 ,21.3488 ,19.8535 ,18.0365 ,Stein et al.2022
61.5345 ,-45.4401 ,SER,-99,0.5411 ,21.8164 ,19.9421 ,18.6000 ,Stein et al.2022
61.5534 ,-22.9034 ,DEV,-99,0.8007 ,22.8958 ,20.9022 ,18.9880 ,Huang et al. 2021
61.6770 ,-23.3205 ,SER,-99,0.5745 ,21.7207 ,19.8327 ,18.4759 ,Huang et al. 2021
61.8151 ,-57.2176 ,SER,-99,0.3663 ,19.2326 ,17.5069 ,16.6095 ,Jacobs et al.2019
63.3879 ,-16.8328 ,SER,-99,0.3310 ,20.9714 ,19.3566 ,18.5441 ,Huang et al. 2021
63.6168 ,-19.9192 ,DEV,-99,0.5720 ,21.0017 ,19.3768 ,18.1071 ,Jacobs et al.2019
63.9845 ,-5.3827 ,DEV,-99,0.7578 ,23.0531 ,21.2607 ,19.4824 ,Stein et al.2022
65.2425 ,-4.3574 ,SER,-99,0.7245 ,21.3358 ,19.8610 ,18.2505 ,Stein et al.2022
65.2768 ,-20.9997 ,DEV,-99,0.7982 ,22.6136 ,21.2045 ,19.4732 ,Huang et al. 2021
65.6056 ,-40.5322 ,SER,-99,0.3672 ,19.6484 ,17.8772 ,16.9905 ,Storfer et al. 2022
65.7967 ,-1.3515 ,DEV,-99,0.3851 ,20.3430 ,18.4592 ,17.4027 ,Huang et al. 2021
66.0117 ,-16.4113 ,DEV,-99,0.6681 ,21.6744 ,20.1133 ,18.6687 ,Stein et al.2022
66.1612 ,-33.2949 ,SER,-99,0.5542 ,20.0216 ,18.1936 ,16.8844 ,Jacobs et al.2019
66.4365 ,-57.6926 ,DEV,-99,0.3925 ,19.7297 ,18.3235 ,17.4633 ,Stein et al.2022
67.3782 ,-22.7332 ,SER,-99,0.6150 ,20.7999 ,20.0750 ,19.2804 ,Jacobs et al.2019
68.9243 ,-17.6354 ,SER,-99,0.6178 ,21.1800 ,19.5504 ,18.1408 ,Jacobs et al.2019
69.4506 ,-51.6078 ,SER,-99,0.7662 ,21.2537 ,20.1419 ,18.6833 ,Jacobs et al.2019
69.6110 ,-27.1239 ,SER,-99,0.7653 ,23.5299 ,21.3656 ,19.5674 ,Huang et al. 2021
70.8041 ,-17.5752 ,SER,-99,0.5625 ,21.6081 ,19.8659 ,18.6407 ,Stein et al.2022
71.9694 ,-29.1854 ,DEV,-99,0.5060 ,20.8095 ,19.4576 ,18.3946 ,Huang et al. 2021
72.2897 ,-29.3046 ,SER,-99,0.5489 ,21.0119 ,19.1883 ,17.9522 ,Jacobs et al.2019
72.9124 ,-8.0276 ,DEV,-99,0.7253 ,21.7283 ,20.4111 ,18.9803 ,Huang et al. 2021
73.1288 ,-30.5421 ,DEV,-99,0.7272 ,22.0336 ,20.6212 ,19.1212 ,Jacobs et al.2019
73.9441 ,-11.1371 ,SER,-99,0.5080 ,20.5046 ,18.6284 ,17.3991 ,Stein et al.2022
74.2036 ,-0.8212 ,DEV,-99,0.8609 ,23.5618 ,21.7162 ,19.7103 ,Huang et al. 2021
74.8883 ,-45.2656 ,SER,-99,0.3120 ,19.2134 ,17.7140 ,16.8601 ,Stein et al.2022
74.9851 ,-24.7028 ,SER,-99,0.2348 ,19.6751 ,18.6695 ,17.9405 ,Stein et al.2022
75.1405 ,-62.2077 ,SER,-99,0.7668 ,22.8191 ,20.8817 ,19.1158 ,Stein et al.2022
75.1551 ,-35.3075 ,SER,-99,0.5419 ,20.9771 ,19.0673 ,17.8213 ,Stein et al.2022
75.3911 ,-3.2937 ,DEV,-99,0.7746 ,22.3800 ,20.9834 ,19.3566 ,Huang et al. 2021
76.2697 ,-46.1993 ,SER,-99,0.6505 ,21.2999 ,19.8487 ,18.4545 ,Jacobs et al.2019
76.7310 ,-42.3457 ,SER,-99,0.3609 ,19.8808 ,18.1694 ,17.3153 ,Storfer et al. 2022
77.2053 ,-21.7419 ,SER,-99,0.6734 ,21.4735 ,19.5645 ,17.9517 ,Jacobs et al.2019
77.2638 ,-21.5958 ,DEV,-99,0.6289 ,21.7420 ,19.8440 ,18.3217 ,Huang et al. 2021
77.5953 ,-44.4359 ,SER,-99,0.5952 ,20.9024 ,19.5500 ,18.4527 ,Stein et al.2022
77.6960 ,-26.5395 ,SER,-99,0.6858 ,21.9768 ,20.5863 ,19.1602 ,Huang et al. 2021
78.1310 ,-22.3539 ,DEV,-99,0.6365 ,20.8471 ,19.8705 ,18.5355 ,Stein et al.2022
78.3561 ,-30.8433 ,SER,-99,0.3814 ,19.7200 ,17.9521 ,17.0327 ,Huang et al. 2021
78.5303 ,-54.9483 ,REX,-99,0.9476 ,22.0422 ,21.2312 ,19.6674 ,Jacobs et al.2019
78.9670 ,-35.6013 ,SER,-99,0.6509 ,21.8820 ,19.9912 ,18.4613 ,Stein et al.2022
80.6734 ,-43.7876 ,SER,-99,1.0104 ,21.5723 ,21.0504 ,19.9013 ,Storfer et al. 2022
80.9091 ,-21.0160 ,SER,-99,0.7605 ,22.7356 ,20.7522 ,18.9131 ,Huang et al. 2021
81.7547 ,-18.9674 ,SER,-99,0.4420 ,20.3764 ,18.4901 ,17.4574 ,Huang et al. 2021
83.0775 ,-35.7556 ,SER,-99,0.4924 ,20.8830 ,19.0012 ,17.8472 ,Stein et al.2022
83.8284 ,-38.2035 ,DEV,-99,0.6974 ,21.8955 ,20.0880 ,18.4927 ,Stein et al.2022
84.1894 ,-32.7297 ,SER,-99,0.4774 ,20.6439 ,18.8262 ,17.7565 ,Stein et al.2022
84.5193 ,-47.5872 ,SER,-99,0.5817 ,20.7385 ,19.5237 ,18.1700 ,Diehl et al. 2017
85.1439 ,-44.0294 ,SER,-99,0.5618 ,22.2661 ,20.4805 ,19.2324 ,Stein et al.2022
85.5750 ,-21.8217 ,SER,-99,0.5322 ,20.3517 ,18.6565 ,17.4593 ,Huang et al. 2021
87.2007 ,-42.2151 ,DEV,-99,0.7934 ,22.2438 ,20.9983 ,19.3659 ,Stein et al.2022
87.4781 ,-58.9839 ,SER,-99,0.3503 ,19.8377 ,18.1023 ,17.2174 ,Stein et al.2022
89.0012 ,-22.4905 ,EXP,-99,0.9134 ,22.1527 ,21.3624 ,19.8676 ,Stein et al.2022
89.0688 ,-43.7956 ,SER,-99,0.6305 ,20.7615 ,19.7488 ,18.6387 ,Stein et al.2022
89.5700 ,-30.9485 ,SER,-99,0.7081 ,22.7309 ,21.0207 ,19.4055 ,Huang et al. 2021
89.6071 ,-44.1077 ,SER,-99,0.8026 ,21.2971 ,20.3965 ,19.0629 ,Storfer et al. 2022
89.6411 ,-28.7418 ,SER,-99,0.5959 ,20.6729 ,19.6444 ,18.2980 ,Huang et al. 2021
89.9563 ,-35.6701 ,DEV,-99,0.8034 ,22.1152 ,20.6727 ,18.9714 ,Jacobs et al.2019
90.7833 ,-42.1111 ,SER,-99,0.2599 ,20.1842 ,19.3895 ,18.7063 ,Stein et al.2022
91.7214 ,-58.9787 ,DEV,-99,0.8445 ,23.3601 ,21.6873 ,19.8792 ,Stein et al.2022
95.0792 ,-56.4829 ,DEV,-99,0.5673 ,22.1274 ,20.2464 ,18.9242 ,Jacobs et al.2019
96.0659 ,-47.1617 ,DEV,-99,0.8034 ,22.4653 ,20.6610 ,18.7066 ,Jacobs et al.2019
96.2505 ,-45.4358 ,DEV,-99,0.6508 ,20.7576 ,19.3299 ,17.8709 ,Diehl et al. 2017
109.9018 ,27.9032 ,DEV,-99,0.5297 ,21.0277 ,19.1820 ,17.9514 ,Huang et al. 2021
112.0551 ,31.6799 ,DEV,-99,0.6508 ,21.2413 ,19.8838 ,18.5646 ,Huang et al. 2021
114.0195 ,21.3041 ,SER,0.4533 ,0.4561 ,20.3414 ,18.6265 ,17.5912 ,Huang et al. 2021
118.4491 ,20.9528 ,SER,0.8140 ,0.8311 ,22.6989 ,20.2435 ,18.2657 ,Huang et al. 2021
118.7654 ,12.3763 ,DEV,-99,0.7801 ,22.0327 ,20.6302 ,19.0593 ,Huang et al. 2021
119.0587 ,30.2350 ,SER,-99,0.4250 ,20.6969 ,18.9421 ,17.9420 ,Huang et al. 2021
119.2213 ,6.1465 ,DEV,0.6809 ,0.7049 ,21.6257 ,20.1401 ,18.6477 ,Stein et al.2022
120.3653 ,10.5340 ,DEV,0.5727 ,0.5936 ,21.6939 ,19.8553 ,18.4945 ,Stein et al.2022
121.6738 ,24.3557 ,SER,-99,0.6344 ,20.6961 ,19.3415 ,18.0274 ,Stein et al.2022
123.8773 ,30.4680 ,DEV,0.5645 ,0.5494 ,21.8730 ,19.9318 ,18.6337 ,Stein et al.2022
126.6199 ,16.5035 ,DEV,-99,0.8362 ,24.1323 ,21.8244 ,19.8528 ,Stein et al.2022
129.9505 ,30.6284 ,DEV,0.7653 ,0.7754 ,22.7580 ,20.9127 ,19.1034 ,Huang et al. 2021
131.6362 ,-1.9047 ,DEV,-99,0.8208 ,22.3664 ,20.6212 ,18.7451 ,Huang et al. 2021
133.1155 ,26.4614 ,REX,0.1840 ,0.6091 ,22.0859 ,20.6241 ,19.2918 ,Huang et al. 2021
133.5531 ,-4.4026 ,DEV,-99,0.8210 ,22.6988 ,21.2022 ,19.3177 ,Huang et al. 2020
133.6197 ,10.1374 ,SER,0.2978 ,0.3089 ,18.8675 ,17.2387 ,16.3587 ,Huang et al. 2020
134.8207 ,6.2549 ,SER,-99,0.6049 ,21.5998 ,20.1461 ,18.9471 ,Huang et al. 2021
135.3125 ,9.9401 ,DEV,-99,0.8464 ,23.5171 ,21.3024 ,19.3575 ,Huang et al. 2020
136.4655 ,13.0307 ,SER,0.6349 ,0.6513 ,21.2628 ,19.7008 ,18.2372 ,Stein et al.2022
137.9498 ,28.4536 ,SER,0.7390 ,0.7449 ,22.3087 ,20.5242 ,18.8066 ,Huang et al. 2021
138.8482 ,-0.9226 ,SER,-99,0.5056 ,21.4395 ,19.4742 ,18.2928 ,Stein et al.2022
140.3573 ,18.1715 ,SER,-99,0.6788 ,20.7164 ,18.8140 ,17.1945 ,The Master Lens Database
140.4475 ,-2.0539 ,SER,-99,0.3712 ,20.6623 ,18.9696 ,18.0524 ,Stein et al.2022
140.6980 ,15.6920 ,SER,-99,0.6930 ,21.6504 ,20.8216 ,19.8027 ,Stein et al.2022
140.8110 ,18.4954 ,SER,-99,0.5820 ,20.0468 ,19.4434 ,18.4633 ,Huang et al. 2020
141.0626 ,5.7690 ,SER,0.6128 ,0.6426 ,20.8468 ,19.1362 ,17.6337 ,Huang et al. 2020
143.3887 ,9.3219 ,DEV,0.7430 ,0.7488 ,22.5328 ,20.6325 ,18.8820 ,Huang et al. 2020
143.7713 ,18.2787 ,DEV,-99,0.9663 ,23.9772 ,21.7419 ,19.6829 ,Huang et al. 2021
144.0261 ,12.8391 ,SER,-99,0.1826 ,20.7429 ,19.5910 ,18.8453 ,Huang et al. 2021
144.1511 ,8.8633 ,SER,-99,0.6624 ,22.0738 ,20.2547 ,18.7006 ,Huang et al. 2020
144.6321 ,-4.2535 ,SER,-99,0.5626 ,20.1635 ,18.5061 ,17.2168 ,Huang et al. 2020
144.7849 ,0.6228 ,SER,-99,0.8203 ,22.0759 ,20.8576 ,19.1441 ,Huang et al. 2021
145.0099 ,5.4279 ,EXP,-99,0.7185 ,21.6870 ,20.5325 ,19.3059 ,Huang et al. 2020
145.1485 ,13.1356 ,EXP,-99,0.5292 ,22.5891 ,20.9518 ,19.8820 ,Huang et al. 2021
145.9507 ,0.9906 ,SER,1.0988 ,0.4763 ,20.6568 ,18.8368 ,17.7560 ,Huang et al. 2020
146.6840 ,19.4528 ,SER,0.5989 ,0.6393 ,21.7659 ,20.0613 ,18.6516 ,Huang et al. 2021
147.7529 ,8.4157 ,SER,-99,0.4241 ,20.6467 ,18.8902 ,17.9578 ,Huang et al. 2021
147.9185 ,7.5090 ,DEV,0.3349 ,0.3167 ,20.2960 ,18.6542 ,17.7740 ,Huang et al. 2021
149.4133 ,5.1589 ,SER,0.4466 ,0.4538 ,20.1181 ,18.2303 ,17.1871 ,The Master Lens Database
152.0763 ,31.7005 ,SER,0.5394 ,0.5618 ,21.1059 ,19.2554 ,17.9502 ,Huang et al. 2020
152.3889 ,-5.6017 ,DEV,-99,0.3162 ,19.9977 ,18.4860 ,17.5007 ,Huang et al. 2021
153.1772 ,5.9690 ,SER,0.4084 ,0.3941 ,19.8778 ,18.2700 ,17.3373 ,Stein et al.2022
153.6284 ,19.0418 ,REX,-99,0.7594 ,21.3337 ,20.2549 ,18.8315 ,Stein et al.2022
154.6470 ,19.2261 ,EXP,-99,0.7753 ,22.9349 ,20.9776 ,19.1904 ,Stein et al.2022
156.7921 ,33.5461 ,SER,0.5746 ,0.5839 ,20.2436 ,18.8987 ,17.7108 ,Stein et al.2022
157.6135 ,-6.6858 ,DEV,-99,0.4327 ,20.4418 ,18.6306 ,17.5353 ,Huang et al. 2021
157.8915 ,18.5814 ,SER,0.5486 ,0.5549 ,21.0126 ,19.3728 ,18.1259 ,Huang et al. 2021
157.9081 ,0.9905 ,DEV,-99,0.7277 ,22.1459 ,20.6328 ,19.0511 ,Stein et al.2022
157.9926 ,-4.9993 ,DEV,-99,0.2704 ,19.8583 ,18.7700 ,18.0596 ,Stein et al.2022
158.2769 ,5.0219 ,DEV,-99,0.6519 ,21.5760 ,20.2850 ,19.1008 ,Stein et al.2022
159.7672 ,-8.9316 ,SER,-99,0.3305 ,19.9692 ,18.3640 ,17.5054 ,Huang et al. 2021
160.1716 ,18.8477 ,SER,0.3135 ,0.3217 ,18.4965 ,16.9041 ,16.0252 ,Huang et al. 2021
161.1159 ,31.2337 ,DEV,0.7057 ,0.6890 ,22.9046 ,21.0349 ,19.4477 ,Huang et al. 2021
161.8653 ,23.9568 ,DEV,0.5547 ,0.5613 ,20.8473 ,19.3626 ,18.2094 ,Huang et al. 2021
163.7019 ,27.5697 ,SER,0.5428 ,0.5314 ,20.2377 ,18.4571 ,17.2385 ,Huang et al. 2021
165.4754 ,-6.0423 ,SER,-99,0.4472 ,20.3197 ,18.7951 ,17.7714 ,Huang et al. 2021
166.8514 ,-8.7044 ,SER,-99,0.7371 ,21.8797 ,20.1809 ,18.4762 ,Stein et al.2022
167.0377 ,-7.2750 ,DEV,-99,0.8288 ,23.5516 ,21.7902 ,19.8313 ,Stein et al.2022
167.8078 ,23.3419 ,DEV,-99,0.9361 ,22.7065 ,20.4968 ,18.3751 ,Stein et al.2022
168.1843 ,23.8391 ,SER,-99,0.5451 ,21.2511 ,19.4745 ,18.2507 ,Stein et al.2022
168.4631 ,32.5264 ,SER,0.6585 ,0.6513 ,21.3342 ,19.5325 ,18.0240 ,Stein et al.2022
168.5731 ,8.7634 ,REX,-99,0.6281 ,21.8254 ,20.8932 ,19.7815 ,Huang et al. 2021
168.7683 ,16.7607 ,SER,-99,0.5286 ,20.9938 ,19.0827 ,17.8583 ,Huang et al. 2021
168.9334 ,11.3010 ,EXP,-99,0.4477 ,19.9722 ,19.3116 ,18.4419 ,Stein et al.2022
169.1444 ,19.0986 ,DEV,0.6361 ,0.6891 ,21.9908 ,20.6541 ,19.2502 ,Huang et al. 2021
169.2414 ,14.7197 ,SER,0.7807 ,0.7900 ,22.4402 ,20.3593 ,18.5483 ,Huang et al. 2021
170.0695 ,-7.4726 ,DEV,-99,0.6034 ,21.7002 ,19.8265 ,18.3794 ,Stein et al.2022
172.5452 ,29.7968 ,SER,-99,0.6727 ,21.1344 ,20.4911 ,19.5960 ,Stein et al.2022
172.6730 ,11.3081 ,SER,-99,0.7567 ,22.3300 ,20.8654 ,19.2936 ,Huang et al. 2021
174.2820 ,14.7811 ,SER,0.7206 ,0.6800 ,21.6398 ,19.9145 ,18.3712 ,Huang et al. 2021
174.8727 ,-2.3072 ,DEV,-99,0.7312 ,22.7548 ,20.6972 ,18.9845 ,Huang et al. 2021
175.0410 ,22.8792 ,DEV,0.5951 ,0.5776 ,21.0737 ,19.3477 ,18.0431 ,Huang et al. 2021
175.1752 ,-0.7266 ,REX,-99,0.7642 ,21.6864 ,20.6876 ,19.4022 ,Huang et al. 2021
176.0994 ,13.6917 ,SER,-99,0.1708 ,19.2312 ,18.0789 ,17.3504 ,Stein et al.2022
176.1885 ,28.0522 ,EXP,-99,0.9722 ,23.9989 ,21.9490 ,19.8797 ,Stein et al.2022
176.2391 ,30.5580 ,DEV,0.8256 ,0.8181 ,22.1010 ,20.8179 ,19.2288 ,Huang et al. 2021
176.8787 ,-2.0677 ,SER,0.7142 ,0.6519 ,20.9657 ,19.8551 ,18.6401 ,Stein et al.2022
177.0183 ,29.4844 ,DEV,-99,0.8062 ,21.3859 ,20.4313 ,18.8658 ,Huang et al. 2021
177.0319 ,29.0869 ,SER,0.7031 ,0.7155 ,21.8935 ,19.9356 ,18.2358 ,Huang et al. 2021
177.1381 ,19.5009 ,SER,0.4455 ,0.4366 ,20.4149 ,18.5225 ,17.5146 ,The Master Lens Database
178.0775 ,8.8170 ,SER,-99,0.3402 ,20.4790 ,18.8900 ,18.0237 ,Huang et al. 2021
179.0228 ,19.1869 ,SER,0.5454 ,0.5379 ,21.1380 ,19.2110 ,17.9611 ,Huang et al. 2021
179.3231 ,9.7381 ,DEV,-99,0.8436 ,21.2593 ,20.1500 ,18.5185 ,Stein et al.2022
179.4623 ,-8.3401 ,REX,-99,0.6971 ,21.2160 ,20.4544 ,19.2970 ,Stein et al.2022
181.2230 ,13.9648 ,SER,0.5459 ,0.5560 ,21.3268 ,19.5734 ,18.3247 ,Stein et al.2022
181.4669 ,14.6576 ,SER,-99,0.1711 ,19.3933 ,18.7543 ,18.2500 ,Stein et al.2022
182.7337 ,-2.2276 ,DEV,-99,0.4260 ,22.3141 ,20.9940 ,19.9513 ,Huang et al. 2021
183.2904 ,13.6576 ,EXP,-99,0.8282 ,22.3688 ,21.0584 ,19.4200 ,Stein et al.2022
184.4564 ,26.0105 ,SER,0.4339 ,0.3983 ,20.0183 ,18.4026 ,17.3522 ,Stein et al.2022
184.6321 ,4.2492 ,DEV,-99,0.8739 ,23.5104 ,21.5309 ,19.6310 ,Stein et al.2022
185.0208 ,26.4909 ,DEV,-99,0.7207 ,22.7994 ,20.6588 ,18.9705 ,Huang et al. 2021
187.3124 ,14.3889 ,DEV,-99,0.8312 ,23.4502 ,21.7356 ,19.9027 ,Stein et al.2022
189.2482 ,25.3442 ,DEV,0.6387 ,0.6325 ,21.1716 ,19.2730 ,17.7676 ,Huang et al. 2021
190.7929 ,21.3329 ,SER,0.3480 ,0.3536 ,19.8296 ,18.0866 ,17.2061 ,Huang et al. 2021
191.2226 ,4.2210 ,SER,0.3218 ,0.3272 ,19.5923 ,17.9417 ,17.0977 ,Huang et al. 2021
191.3160 ,19.0924 ,SER,0.4331 ,0.4451 ,20.3979 ,18.5279 ,17.5234 ,Huang et al. 2021
191.4966 ,24.6329 ,DEV,-99,0.8226 ,23.3417 ,21.5601 ,19.6142 ,Stein et al.2022
191.8657 ,16.7446 ,EXP,-99,0.8714 ,22.2015 ,21.3603 ,19.8344 ,Stein et al.2022
192.3814 ,22.4189 ,REX,-99,0.5754 ,20.8880 ,19.8343 ,18.9855 ,Stein et al.2022
193.2024 ,10.2117 ,DEV,-99,0.5133 ,23.8267 ,22.7945 ,19.8857 ,Stein et al.2022
194.8097 ,3.5962 ,EXP,-99,0.8147 ,21.1695 ,20.4454 ,19.3434 ,Stein et al.2022
194.8376 ,11.6490 ,SER,-99,0.2927 ,19.4304 ,18.1172 ,17.2816 ,Huang et al. 2020
197.5869 ,31.2123 ,REX,-99,0.6779 ,21.1961 ,20.3549 ,19.2501 ,Stein et al.2022
198.2028 ,30.6423 ,DEV,0.5860 ,0.6083 ,21.3058 ,19.8135 ,18.5695 ,Huang et al. 2021
198.2504 ,8.0510 ,SER,0.5909 ,0.6001 ,21.0207 ,19.0024 ,17.5714 ,Stein et al.2022
199.9666 ,32.6491 ,DEV,0.6311 ,0.6347 ,20.5608 ,19.0852 ,17.7102 ,Stein et al.2022
200.0505 ,-8.5058 ,SER,-99,0.6058 ,20.7126 ,19.2214 ,17.9561 ,Huang et al. 2021
200.1945 ,6.7833 ,REX,-99,0.9375 ,22.6242 ,21.6695 ,19.8909 ,Stein et al.2022
203.8331 ,-8.4487 ,SER,-99,0.5126 ,21.4947 ,20.1458 ,19.1411 ,Huang et al. 2021
206.0993 ,-1.6071 ,SER,0.4870 ,0.4841 ,21.0972 ,19.5416 ,18.4270 ,Huang et al. 2021
208.6688 ,19.1370 ,DEV,-99,0.7498 ,23.1583 ,21.2554 ,19.5337 ,Huang et al. 2021
209.7020 ,-4.3961 ,DEV,-99,0.3362 ,19.8280 ,18.6199 ,17.8729 ,Huang et al. 2021
212.1614 ,25.5178 ,DEV,0.6633 ,0.6640 ,21.4559 ,19.5952 ,18.0077 ,Stein et al.2022
215.1638 ,12.9717 ,DEV,0.5377 ,0.5502 ,21.3735 ,19.5332 ,18.2953 ,Huang et al. 2021
215.2654 ,0.3719 ,SER,-99,0.6614 ,21.0664 ,19.7543 ,18.4062 ,Huang et al. 2020
216.8280 ,-6.7541 ,SER,-99,0.2644 ,18.3181 ,16.7898 ,15.9731 ,Huang et al. 2020
217.0936 ,3.3000 ,SER,0.5885 ,0.6646 ,21.5840 ,20.1531 ,18.7697 ,Huang et al. 2021
217.4784 ,12.0433 ,DEV,0.5532 ,0.5461 ,22.5160 ,20.5475 ,19.2073 ,Huang et al. 2020
218.2479 ,-7.2268 ,SER,-99,0.3356 ,18.4744 ,16.8093 ,15.8905 ,Huang et al. 2021
218.4715 ,14.0687 ,DEV,-99,0.6310 ,22.9061 ,21.2857 ,19.9597 ,Huang et al. 2021
219.9855 ,32.8402 ,DEV,0.4176 ,0.4086 ,19.3694 ,17.5546 ,16.5981 ,Huang et al. 2020
220.3862 ,-0.8995 ,SER,-99,0.4542 ,20.0028 ,18.0818 ,16.8005 ,SuGOHI6
221.4063 ,4.9046 ,DEV,0.4218 ,0.3894 ,21.0767 ,19.7195 ,18.7674 ,Huang et al. 2021
221.4378 ,28.0307 ,SER,0.3198 ,0.3245 ,19.6894 ,18.0565 ,17.1701 ,Stein et al.2022
226.9381 ,5.3823 ,DEV,0.5945 ,0.5852 ,21.3413 ,19.5295 ,18.1608 ,Huang et al. 2021
227.5364 ,20.6236 ,SER,-99,0.6906 ,21.6926 ,19.7779 ,18.1336 ,Huang et al. 2021
228.4624 ,-3.4634 ,SER,-99,0.6586 ,22.0067 ,20.0644 ,18.4195 ,Huang et al. 2021
229.7213 ,9.2304 ,DEV,-99,0.7658 ,22.6810 ,21.0496 ,19.3327 ,Huang et al. 2021
230.2280 ,13.2000 ,DEV,-99,0.7248 ,21.7903 ,20.3880 ,18.8803 ,Stein et al.2022
230.5321 ,32.8538 ,DEV,-99,0.7458 ,22.0477 ,20.5435 ,18.9477 ,Huang et al. 2021
230.9711 ,4.9138 ,DEV,-99,0.6287 ,22.8632 ,20.9983 ,19.5198 ,Huang et al. 2021
231.8201 ,12.9511 ,DEV,-99,0.7616 ,22.8187 ,21.3473 ,19.7683 ,Huang et al. 2021
232.4826 ,9.3190 ,DEV,-99,0.2176 ,19.5884 ,18.4172 ,17.5531 ,Stein et al.2022
234.4783 ,14.7232 ,DEV,-99,0.8050 ,22.3945 ,21.1597 ,19.5191 ,Huang et al. 2021
234.8063 ,11.7178 ,SER,-99,0.7080 ,22.1840 ,20.4334 ,18.8080 ,Huang et al. 2021
234.8707 ,16.8379 ,SER,0.4095 ,0.4088 ,19.7677 ,17.8628 ,16.8873 ,Huang et al. 2021
236.4854 ,10.0292 ,DEV,0.6638 ,0.6463 ,21.1371 ,19.4267 ,17.8936 ,Huang et al. 2021
238.4959 ,16.3935 ,SER,0.4510 ,0.4201 ,19.5296 ,17.7745 ,16.7576 ,Huang et al. 2021
245.7514 ,21.6226 ,SER,-99,0.8324 ,21.8627 ,20.2713 ,18.4451 ,Huang et al. 2021
245.8346 ,21.9263 ,SER,0.4836 ,0.4772 ,20.2326 ,18.5502 ,17.4667 ,Stein et al.2022
247.9945 ,-1.6681 ,SER,-99,0.6163 ,21.3072 ,19.9922 ,18.6661 ,Huang et al. 2021
249.5219 ,14.9882 ,DEV,-99,0.8165 ,23.2572 ,21.4260 ,19.4957 ,Stein et al.2022
251.2353 ,26.1307 ,EXP,-99,0.5663 ,20.8358 ,20.1397 ,18.6313 ,Stein et al.2022
251.7091 ,16.5401 ,SER,-99,0.2832 ,19.6541 ,18.2494 ,17.3990 ,Stein et al.2022
252.2720 ,2.3993 ,REX,-99,0.5843 ,20.4139 ,19.3583 ,18.4075 ,Huang et al. 2021
252.9173 ,28.0881 ,DEV,-99,0.6883 ,22.7063 ,20.7821 ,19.1577 ,Huang et al. 2021
254.5243 ,24.8144 ,DEV,-99,0.9773 ,23.0761 ,21.4450 ,19.3407 ,Stein et al.2022
255.6529 ,28.5791 ,SER,0.3964 ,0.3685 ,20.6279 ,18.8720 ,17.8858 ,Huang et al. 2021
257.0428 ,11.8169 ,DEV,-99,0.3196 ,19.7285 ,18.5844 ,17.5170 ,Huang et al. 2021
257.4348 ,31.9046 ,EXP,-99,0.8379 ,22.1472 ,20.9678 ,19.3695 ,Huang et al. 2021
259.8396 ,24.6880 ,DEV,0.5287 ,0.5001 ,21.1859 ,19.4095 ,18.2160 ,Huang et al. 2021
308.0694 ,-43.6335 ,SER,-99,0.4973 ,21.3776 ,19.6701 ,18.5501 ,Stein et al.2022
309.7973 ,-54.9952 ,EXP,-99,0.6930 ,23.0579 ,21.2390 ,19.6476 ,Diehl et al. 2017
311.4772 ,0.5301 ,REX,-99,0.8901 ,22.7797 ,21.5508 ,19.7571 ,Stein et al.2022
313.9967 ,-42.9020 ,SER,-99,0.7808 ,23.4987 ,21.6019 ,19.8246 ,Stein et al.2022
314.0660 ,-42.6492 ,DEV,-99,0.6963 ,21.8624 ,20.7715 ,19.5806 ,Storfer et al. 2022
314.7376 ,4.7259 ,DEV,-99,0.8010 ,22.0532 ,20.5779 ,18.8364 ,Huang et al. 2021
317.8112 ,-1.8226 ,SER,0.6673 ,0.6898 ,21.9556 ,20.2266 ,18.6129 ,Stein et al.2022
318.0882 ,-48.0298 ,SER,-99,0.5875 ,21.9479 ,20.0627 ,18.6488 ,Stein et al.2022
319.1672 ,-1.5035 ,SER,-99,0.2782 ,19.5019 ,18.3568 ,17.5895 ,Huang et al. 2021
319.4948 ,-0.7468 ,REX,-99,0.8619 ,21.7571 ,20.9637 ,19.7012 ,Jacobs et al.2019
321.5604 ,9.8332 ,SER,-99,0.8025 ,22.6010 ,20.6487 ,18.7226 ,Huang et al. 2021
323.1879 ,-53.5248 ,DEV,-99,0.7918 ,23.1367 ,21.4911 ,19.5481 ,Stein et al.2022
324.0340 ,-52.7162 ,REX,-99,0.6370 ,21.2095 ,20.1226 ,19.1222 ,Jacobs et al.2019
325.3461 ,2.5746 ,DEV,0.5933 ,0.6451 ,21.1299 ,19.7833 ,18.4815 ,Stein et al.2022
326.0676 ,8.6507 ,REX,-99,0.7439 ,20.9578 ,20.2166 ,19.2100 ,Stein et al.2022
326.2881 ,19.8848 ,SER,-99,0.8754 ,22.5717 ,20.9568 ,19.0075 ,Huang et al. 2021
327.3138 ,-0.2143 ,SER,0.4525 ,0.4567 ,20.1387 ,18.1643 ,17.0239 ,Diehl et al. 2017
329.6820 ,2.9584 ,SER,0.2865 ,0.2742 ,18.8418 ,17.2869 ,16.4374 ,Huang et al. 2021
330.5819 ,-0.9693 ,SER,0.5825 ,0.5880 ,22.6176 ,20.6469 ,19.2156 ,SuGOHI1
331.3955 ,-9.2868 ,DEV,-99,0.9129 ,21.1127 ,19.9885 ,18.2359 ,Stein et al.2022
331.5679 ,11.0687 ,DEV,0.7772 ,0.7693 ,22.5847 ,20.7355 ,18.7639 ,Stein et al.2022
333.5034 ,-46.1063 ,SER,-99,0.5898 ,22.0332 ,20.3206 ,19.0294 ,Storfer et al. 2022
333.7246 ,-6.1705 ,REX,-99,0.7614 ,20.9650 ,20.3521 ,19.3916 ,Stein et al.2022
334.8017 ,-43.8098 ,DEV,-99,0.6750 ,21.6431 ,19.8747 ,18.2895 ,Jacobs et al.2019
335.2291 ,-11.4857 ,SER,-99,0.5182 ,21.7054 ,19.7240 ,18.5043 ,Huang et al. 2021
335.3860 ,-9.1579 ,SER,-99,0.6894 ,21.2446 ,19.8912 ,18.4400 ,Stein et al.2022
335.9213 ,-63.4922 ,SER,-99,0.6636 ,22.4294 ,20.6618 ,19.1750 ,Stein et al.2022
338.5454 ,-46.4729 ,REX,-99,0.5108 ,20.4814 ,19.4330 ,18.4183 ,Storfer et al. 2022
339.6305 ,13.3322 ,SER,0.4129 ,0.4193 ,19.2504 ,17.3216 ,16.3190 ,The Master Lens Database
339.7125 ,-43.2918 ,SER,-99,0.6600 ,21.7515 ,20.0470 ,18.5760 ,Storfer et al. 2022
339.8880 ,-4.4883 ,DEV,-99,0.5583 ,21.3957 ,19.5361 ,18.2486 ,Huang et al. 2021
340.6218 ,3.2048 ,DEV,-99,0.8876 ,22.7614 ,21.3011 ,19.4166 ,Huang et al. 2021
341.1450 ,-59.1528 ,DEV,-99,0.8524 ,23.5852 ,21.5504 ,19.6083 ,Stein et al.2022
341.2657 ,-50.2904 ,SER,-99,0.6384 ,21.9468 ,20.5444 ,19.2904 ,Jacobs et al.2019
341.2747 ,0.6718 ,REX,0.7021 ,0.6563 ,21.2405 ,20.1113 ,19.0469 ,Huang et al. 2021
341.8012 ,-2.0939 ,SER,-99,0.3383 ,19.8772 ,18.2228 ,17.3379 ,Huang et al. 2021
342.3622 ,-7.7463 ,DEV,-99,0.6553 ,21.1082 ,19.2660 ,17.6946 ,Stein et al.2022
342.9236 ,-57.4053 ,SER,-99,0.3993 ,19.7856 ,18.2548 ,17.2969 ,Stein et al.2022
342.9296 ,-46.7865 ,SER,-99,0.7740 ,22.5206 ,20.6745 ,18.8926 ,Stein et al.2022
343.5127 ,-40.9303 ,SER,-99,0.6306 ,20.7360 ,19.0474 ,17.6036 ,Diehl et al. 2017
344.5567 ,17.1506 ,DEV,-99,0.7990 ,22.4516 ,20.4671 ,18.5625 ,Huang et al. 2021
346.7668 ,-13.3744 ,SER,-99,0.5087 ,20.8630 ,18.9692 ,17.7665 ,Huang et al. 2021
346.9339 ,-8.0123 ,SER,-99,0.3267 ,20.1223 ,18.4493 ,17.5194 ,Stein et al.2022
347.1009 ,28.9983 ,REX,0.6336 ,0.6539 ,22.9675 ,21.2836 ,19.7890 ,Huang et al. 2021
348.4771 ,-1.0801 ,SER,-99,0.5329 ,20.7679 ,18.8088 ,17.5390 ,Carrasco et al.2017
349.5061 ,13.3835 ,SER,0.7320 ,0.7158 ,21.4881 ,19.6480 ,17.9535 ,Huang et al. 2021
349.5492 ,-11.1012 ,SER,-99,0.7203 ,21.9592 ,20.0862 ,18.4069 ,Huang et al. 2020
350.0809 ,-60.7770 ,DEV,-99,0.8768 ,23.6346 ,21.4089 ,19.4585 ,Stein et al.2022
350.2503 ,-13.4958 ,SER,-99,0.6616 ,21.1150 ,19.5770 ,18.0974 ,Huang et al. 2021
351.4891 ,-0.8741 ,DEV,-99,0.7627 ,22.8781 ,21.0220 ,19.2846 ,Huang et al. 2020
353.5287 ,-7.7712 ,SER,0.4118 ,0.4018 ,20.1641 ,18.3231 ,17.3802 ,Huang et al. 2021
353.8879 ,-40.8125 ,SER,-99,0.3196 ,19.5529 ,17.9447 ,17.1156 ,Stein et al.2022
353.9664 ,-51.8716 ,SER,-99,0.5549 ,20.7766 ,19.0712 ,17.8317 ,Diehl et al. 2017
354.0428 ,-2.1264 ,REX,0.4942 ,0.4867 ,20.5704 ,19.3586 ,18.4364 ,Huang et al. 2021
354.3709 ,26.5976 ,SER,0.3794 ,0.3921 ,20.2396 ,18.3593 ,17.3985 ,Stein et al.2022
354.6178 ,21.0473 ,REX,-99,0.7377 ,21.1407 ,20.1724 ,18.9666 ,Stein et al.2022
354.8266 ,-13.9408 ,DEV,-99,0.5770 ,21.4354 ,19.8566 ,18.6577 ,Stein et al.2022
355.3116 ,3.2518 ,DEV,0.7268 ,0.7191 ,21.3813 ,20.0673 ,18.6770 ,Stein et al.2022
356.5292 ,26.6619 ,SER,-99,0.5240 ,21.3338 ,20.0456 ,19.0792 ,Stein et al.2022
356.7965 ,-45.4836 ,SER,-99,0.6492 ,21.3428 ,19.4128 ,17.8711 ,Storfer et al. 2022
356.9366 ,-11.3459 ,REX,-99,0.4209 ,21.3399 ,20.3544 ,19.2430 ,Stein et al.2022
356.9548 ,-4.6500 ,DEV,-99,0.9785 ,22.6638 ,21.4718 ,19.5173 ,Stein et al.2022
357.4284 ,12.4188 ,REX,-99,0.6972 ,22.4641 ,20.9684 ,19.4705 ,Stein et al.2022
359.1421 ,2.6922 ,DEV,-99,0.8204 ,22.9522 ,21.2277 ,19.3540 ,Huang et al. 2021
