ra,dec,source_type,z_spec,z_phot_mean,mag_g,mag_r,mag_z
0.0691,-62.646,SER,,0.2377,20.0335,18.6976,17.668
0.1209,-36.9835,SER,,0.2512,19.4942,18.1877,17.4579
0.1463,-37.4182,SER,,0.1473,19.1133,18.0798,17.4195
0.2425,28.3941,SER,0.5778,0.5791,21.2461,19.3438,17.9533
0.2574,-63.3498,SER,,0.5595,20.5455,19.8489,19.2406
0.324,30.3395,REX,,0.2832,21.0926,19.7263,18.9423
0.3551,18.2338,SER,0.2645,0.26,19.1653,17.7181,16.9298
0.3595,-63.7016,SER,,0.3146,20.3208,18.7764,17.9905
0.4543,-54.1101,SER,,0.0457,18.2976,17.815,17.5348
0.4852,-45.7878,SER,,0.4827,21.7605,20.059,18.9445
0.6075,30.0614,SER,0.3094,0.2892,19.053,17.4834,16.6263
0.6763,-0.2222,SER,0.2989,0.3202,19.0077,17.3847,16.4867
0.7487,-62.6672,SER,,0.452,20.7811,19.1049,18.069
0.8442,-4.0878,SER,0.5582,0.5764,21.5682,19.709,18.3599
0.9246,14.0514,SER,0.2292,0.2313,18.9437,17.4756,16.6376
1.0439,7.4935,SER,,0.3113,20.4949,18.9117,18.0281
1.3455,10.2746,SER,,0.2847,19.1316,17.4935,16.6106
1.3465,-38.1885,SER,,0.3069,20.738,19.2747,18.4597
1.4321,1.2859,DEV,0.3904,0.3721,19.371,17.5637,16.6356
1.7132,17.4217,SER,,0.3271,20.3189,18.9251,17.9995
1.7373,21.4946,DEV,,0.8567,23.0628,21.7145,19.9061
1.772,1.4414,DEV,,0.451,21.2217,19.6512,18.6822
1.8913,-61.1177,SER,,0.6677,21.4703,19.9115,18.4318
1.9847,-4.9328,SER,,0.3933,19.739,17.8814,16.9314
2.0823,-1.5778,SER,,0.5681,20.4243,19.1117,18.1014
2.0881,1.1794,SER,0.379,0.3607,20.4829,18.7276,17.8133
2.1533,-8.9962,SER,,0.3419,20.8803,19.4476,18.5883
2.2024,0.2793,SER,0.3205,0.2995,19.8802,18.2781,17.3602
2.2229,33.4455,EXP,,0.1552,20.5138,20.0176,19.7366
2.2665,32.8237,SER,,0.1372,18.4491,17.4316,16.3415
2.3176,5.4292,SER,,0.2942,20.4397,19.4404,18.7651
2.3955,-36.1669,SER,,0.4122,20.5642,18.6971,17.7527
2.5184,1.6215,REX,,0.3919,21.7623,20.4548,19.7193
2.5614,12.8537,SER,,0.2742,19.9584,18.4164,17.5147
2.8652,-9.5481,DEV,,0.846,23.7511,21.8558,19.8157
2.874,-8.5401,DEV,,0.3349,21.1442,19.5288,18.7218
3.0657,16.3379,DEV,,0.6938,22.4824,20.9146,19.4254
3.1218,-33.7792,DEV,,0.702,23.3975,21.391,19.7838
3.209,-38.6007,SER,,0.3521,19.8059,18.1123,17.2259
3.2262,-12.9818,DEV,,0.2208,20.6787,19.4603,18.7804
3.3625,-30.5827,DEV,,0.7278,23.6123,21.5291,19.8676
3.4961,-13.8476,SER,,0.2893,21.0128,19.7524,18.4342
3.52,-28.5313,DEV,,0.6311,22.1931,20.305,18.8431
3.5934,5.2623,DEV,,0.4568,22.494,20.8653,19.9121
3.6379,23.4845,SER,,0.2495,19.9474,18.4796,17.6501
3.7531,26.8591,SER,0.4048,0.3766,19.3074,17.516,16.5691
3.787,-6.9052,DEV,,0.6269,22.9613,21.0774,19.623
3.8494,-33.8242,SER,,0.2224,18.9685,17.7026,17.0228
3.9365,33.5515,SER,0.2511,0.2467,18.9214,17.4478,16.6171
4.0731,-12.0265,REX,,0.6262,22.898,21.0508,19.6578
4.142,-29.6471,SER,0.6955,0.6524,22.2669,20.4749,18.9378
4.4,-11.8218,DEV,,0.4975,22.461,20.8393,19.7637
4.4252,24.8998,REX,0.5592,0.4819,21.2878,19.6299,18.5131
4.4906,-56.1451,EXP,,0.4311,21.4522,20.1427,19.1711
4.5005,-49.8663,SER,,0.4022,20.0172,18.5966,17.8014
4.5373,24.4728,SER,,0.2962,20.6185,19.058,18.2343
4.636,-6.7648,SER,,0.1931,20.2199,19.0099,18.2634
4.8217,16.921,SER,,0.1992,19.1139,17.8092,16.9896
4.901,32.4253,SER,,0.0823,18.469,17.5256,16.8476
5.0888,-30.0116,DEV,,0.689,22.6069,20.7716,19.1834
5.1486,-53.3937,SER,,0.2653,20.4992,19.9621,19.8006
5.2039,-6.3717,SER,,0.7825,22.9505,21.0138,19.1546
5.2926,-43.4915,SER,,0.5999,21.2576,20.0677,19.1585
5.413,-54.959,EXP,,0.5422,21.6894,20.3292,19.1378
5.5754,-49.6167,SER,,0.2521,18.7257,17.4794,16.716
5.6116,3.7074,DEV,,0.6465,22.9988,21.2389,19.8515
5.6252,-13.5769,SER,,0.2541,20.9277,19.6083,18.8561
5.9582,29.2865,SER,,0.2268,20.4345,19.1383,18.3975
6.016,18.0711,SER,0.5877,0.5991,22.0963,20.3216,19.0025
6.0513,-63.6469,SER,,0.6226,21.6279,19.8966,18.5089
6.3656,-6.5848,SER,,0.1398,20.0481,19.6267,19.3664
6.5277,-39.586,DEV,,0.4789,20.3242,19.3907,18.2772
6.5929,15.4729,SER,,0.2004,19.2777,18.2309,17.4382
6.6165,30.5998,DEV,,0.3118,21.0099,19.9849,18.659
6.7111,19.8964,SER,0.7678,0.7535,22.2893,20.4724,18.6785
6.7875,-12.5879,SER,,0.2533,19.0455,17.9322,17.2212
6.8132,-44.3824,SER,,0.3214,19.2176,17.574,16.7524
7.1508,-63.1562,SER,,0.1411,19.2595,18.9454,18.7558
7.3644,-33.6412,SER,,0.2551,20.9167,19.5374,18.8172
7.6321,-7.7127,SER,0.535,0.5207,21.4119,19.5694,18.3765
7.6905,-50.9963,SER,,0.6031,21.7872,20.4006,19.266
7.7887,-41.7198,EXP,,0.6228,21.2993,20.159,19.1251
7.7953,18.1099,EXP,0.5657,0.5797,20.7726,19.9414,19.0157
7.8163,-14.3293,SER,,0.4791,21.6729,19.7296,18.6144
7.8614,-13.4433,REX,,0.6335,22.3943,20.9611,19.8358
7.9332,-55.7491,SER,,0.3963,20.8226,19.7024,18.8124
7.9631,-31.4441,SER,,0.4315,20.0548,18.5967,17.5909
8.1108,-37.4875,SER,,0.7476,22.3929,20.6247,18.9095
8.1361,-52.7481,SER,,0.3551,20.2373,18.5251,17.6635
8.6161,-13.8142,DEV,,0.6929,22.6512,20.8201,19.2439
8.6647,-15.9965,SER,,0.2585,19.7834,18.3832,17.6521
8.7617,-44.7854,REX,0.7955,0.8023,21.5216,20.7047,19.4611
8.763,-28.0538,EXP,,0.7414,21.6074,20.6607,19.5194
8.9432,-21.7288,DEV,,0.6062,21.1434,19.6717,18.426
9.0675,-13.3276,REX,,0.9302,23.1558,21.728,19.8975
9.3501,-10.5888,SER,,0.2772,19.0181,17.8434,17.1292
9.9581,-47.6456,SER,,0.6772,22.4197,20.5145,18.9506
10.0732,-40.4107,SER,,0.7042,21.9287,20.1254,18.5109
10.1832,33.0013,SER,,0.1947,20.733,20.0581,19.5084
10.2066,-52.2115,DEV,,0.5411,22.7451,21.0824,19.9412
10.3854,19.8874,SER,,0.1237,20.1695,19.7076,19.3684
10.6538,6.4137,SER,0.5046,0.5134,20.7282,19.1301,17.9864
10.7684,-0.2678,DEV,,0.5294,20.8472,19.7273,18.8303
10.8238,7.4772,SER,,0.3171,21.3999,20.2119,18.9718
10.8803,-15.1412,DEV,,0.9709,23.8032,21.9067,19.8601
10.9807,4.8917,SER,,0.3983,19.6928,18.3145,17.4872
11.2093,-34.3125,SER,,0.6072,21.5348,19.6163,18.1889
11.4123,-24.5672,SER,,0.5182,21.6871,19.8157,18.654
11.5582,7.4954,SER,,0.4904,21.4654,19.9759,19.0302
11.615,-63.2032,REX,,0.4539,21.1393,19.8754,19.1649
11.6311,-1.576,SER,,0.2498,20.9915,19.6906,18.9805
11.726,0.2636,SER,,0.2938,19.8442,18.4754,17.6443
11.7582,30.7253,EXP,,0.2317,20.9861,20.2298,19.7182
12.0723,-18.1481,REX,,0.6431,21.2651,19.9042,18.6923
12.1211,-61.1384,SER,,0.5073,21.6773,19.8661,18.7541
12.1577,33.6428,SER,,0.1208,18.7859,17.8266,16.6066
12.2035,1.7942,DEV,0.7236,0.7351,20.9829,19.8515,18.4247
12.9966,-39.4787,REX,,0.7305,21.925,20.9205,19.7968
13.0087,-29.1596,DEV,,0.6839,20.8673,19.9908,18.8832
13.1124,-34.1774,SER,,0.5976,20.7341,19.5203,18.2719
13.1514,-4.2028,SER,,0.4187,20.755,19.6012,18.9619
13.3422,29.7751,SER,0.6205,0.6127,21.8856,20.0459,18.6292
13.4104,0.9201,SER,,0.7308,22.8653,21.5991,19.9244
13.5628,-27.833,SER,,0.3099,20.3794,18.9671,18.1772
13.578,-9.2686,DEV,,0.7637,23.2898,21.4247,19.671
13.7553,13.8239,DEV,,0.8379,23.319,20.8698,18.8847
13.7833,-27.4021,SER,,0.6132,21.3619,19.6883,18.2873
13.8203,-1.2601,DEV,,0.611,22.2597,20.3339,18.9241
13.8403,-50.1636,SER,,0.716,22.3051,20.4069,18.7922
14.1592,-1.1806,DEV,,0.6657,21.0684,19.7893,18.467
14.1625,13.449,SER,,0.2475,19.5883,18.3581,17.5281
14.4234,-21.1483,SER,,0.2145,18.9872,17.6866,16.9457
14.5112,-2.9005,SER,0.2668,0.2937,18.873,17.4322,16.5877
14.6124,-21.1789,SER,,0.5938,21.085,19.5198,18.2208
14.6336,1.5833,DEV,,0.1874,19.5836,18.428,17.6744
14.7127,-13.5331,DEV,,0.6687,22.0168,20.7682,19.3814
14.7596,-0.0192,SER,0.5405,0.4816,21.6612,20.1937,19.0805
14.9169,-13.3434,DEV,,0.5517,22.1946,20.3758,19.1478
15.3542,-48.6905,SER,,0.5729,21.8045,19.9257,18.5865
15.394,11.5901,SER,0.5129,0.5529,21.2313,19.5254,18.3216
15.4602,-14.0671,DEV,,1.0237,24.2236,21.9565,19.6624
15.5926,3.6562,DEV,,0.1486,20.7392,20.2545,19.92
15.5955,-26.1878,SER,,0.5735,21.2843,20.2917,19.4343
15.6573,-36.591,SER,,0.9606,23.1117,21.3853,19.3713
15.8339,0.7318,SER,,0.4293,20.7596,18.8461,17.7318
15.8346,0.7319,DEV,,0.3849,22.4346,20.6171,19.655
15.9282,-57.2098,SER,,0.6916,20.9641,19.9635,18.881
15.9969,-29.5664,EXP,,0.6264,21.3204,20.1146,19.0666
16.2232,2.9022,SER,,0.5701,22.902,21.1207,19.8656
16.2415,4.726,SER,,0.2843,21.6108,20.4368,19.6728
16.47,-35.3418,EXP,,0.4488,21.3004,20.0967,19.335
16.4894,-39.6022,SER,,0.9162,22.057,21.3316,19.9449
16.6344,-61.5319,DEV,,0.7231,23.0108,21.0181,19.3259
16.6417,-44.0383,SER,,0.9154,21.5142,20.8631,19.7456
16.7576,19.7725,REX,0.5404,0.5799,21.9552,20.2108,18.9912
16.7996,-21.9931,SER,,0.5687,21.7506,20.0901,18.758
17.0668,-60.2484,SER,,0.3636,19.5234,17.72,16.8054
17.1106,-26.3391,REX,,0.2444,21.1368,19.9983,19.3064
17.2022,-31.8765,SER,,0.8351,21.2607,20.5361,19.3493
17.2058,7.9891,SER,,0.4757,20.8076,18.9419,17.8503
17.2315,-28.0326,SER,,0.3703,21.1758,19.5237,18.5905
17.3057,-58.695,SER,,0.2577,19.3323,18.1884,17.4829
17.3165,-8.6377,DEV,,0.8992,23.5624,21.6239,19.6026
17.3286,6.1349,SER,,0.2621,19.697,18.2806,17.4606
17.5171,-17.8165,SER,,0.2871,19.7661,18.7199,18.0467
17.7915,-20.0529,REX,,0.7329,21.0806,20.3766,19.5291
17.7974,17.6847,SER,0.523,0.5454,21.0185,19.5593,18.4633
17.8999,32.4277,EXP,,0.8456,22.1029,20.9406,19.3246
17.9485,-43.0479,SER,,0.5825,20.7354,19.2599,18.0942
17.9955,-39.1283,REX,,0.6969,21.0466,20.2528,19.4747
18.0162,-23.2914,SER,,0.3365,20.0012,18.5555,17.6367
18.1111,3.2937,SER,,0.2574,19.7652,18.7105,17.8598
18.1852,-18.3088,SER,,0.516,21.5992,19.7589,18.6097
18.3007,25.0855,DEV,,0.399,21.7623,20.3707,19.5764
18.5733,-30.1518,SER,,0.1238,18.5371,17.7835,17.2575
18.6492,-39.9858,SER,,0.3148,21.3853,20.0261,19.2865
18.6505,-47.1072,SER,,0.575,20.7698,19.9267,19.224
18.7839,-7.526,EXP,,0.6004,21.6005,20.2164,19.0415
18.8332,-7.9288,DEV,,0.5807,20.5248,19.5153,18.4905
18.8893,-65.1991,DEV,,0.1956,20.4286,19.28,18.5995
18.9703,-24.2921,DEV,,0.6165,20.7567,19.4995,18.4063
19.5052,9.9646,SER,0.6897,0.723,23.5253,21.515,19.8346
19.5878,-48.3489,SER,,0.4525,20.734,19.4538,18.6065
19.5885,-13.534,SER,,0.2462,19.5861,18.1718,17.4031
19.6744,5.8701,DEV,0.6382,0.6384,22.0133,20.0452,18.5047
19.8084,-16.9322,EXP,,0.27,20.9422,20.318,19.9088
19.8841,-50.8659,SER,,0.6063,21.9815,20.3396,19.043
19.9746,13.5437,SER,,0.2775,20.2391,18.8293,18.0274
20.126,-27.3645,SER,,0.3,19.331,17.7866,16.946
20.1279,-51.1633,DEV,,0.7446,21.5501,20.2957,18.8628
20.1923,-14.5888,REX,,0.6282,21.3823,20.473,19.2249
20.2373,-24.8663,SER,,0.6252,21.1078,19.9312,18.9273
20.2812,-45.8502,DEV,,0.1994,19.0325,17.747,16.9186
20.3845,-31.1258,SER,,0.2963,19.1327,17.5705,16.7415
20.4524,-18.132,SER,,0.3175,19.9344,18.9984,18.2796
20.4575,-60.9678,SER,,0.4417,20.4775,18.9482,17.9967
20.4646,-9.8968,SER,,0.5136,20.9243,19.1874,18.0075
20.6077,23.9173,SER,0.2348,0.2458,19.221,17.7724,16.962
20.613,16.2889,SER,,0.5389,21.3182,19.3078,17.9847
20.7563,-24.6186,EXP,,0.4548,21.1823,20.3512,19.1162
20.7858,-18.7298,SER,,0.5533,20.0447,18.1903,16.8947
20.8786,-12.6787,SER,,0.3067,19.155,17.7475,16.9581
21.0576,-58.9351,DEV,,0.8091,23.0165,21.2121,19.2696
21.3452,-48.5769,DEV,,0.6493,21.3981,20.115,18.9383
21.3483,-6.9439,SER,,0.5108,21.0903,19.7157,18.666
21.648,4.5265,SER,0.5337,0.5282,20.8226,19.0084,17.7793
21.8329,-31.0458,SER,0.2885,0.2951,19.3238,17.7434,16.9177
22.0974,-23.7731,SER,,0.6363,21.1801,19.6718,18.2673
22.0994,-56.8311,SER,,0.6225,20.8133,19.9708,19.3407
22.2514,-30.5548,DEV,,0.5645,20.5497,19.7524,18.4071
22.4196,-24.3624,SER,,0.4815,21.4651,19.7886,18.6594
22.4625,-10.9601,SER,,0.6926,22.6942,20.7797,19.1573
22.4885,4.4133,REX,0.6142,0.6927,22.9162,21.0742,19.4959
22.7006,-42.4854,SER,,0.2117,18.6621,17.6201,16.9501
22.8103,-26.7992,SER,,0.2931,19.6723,18.367,17.6265
23.3726,-41.8503,SER,,0.6554,21.7324,20.1134,18.724
23.4793,-10.9612,DEV,,0.8509,22.6862,20.9305,18.9796
23.6322,-14.4272,SER,,0.1563,20.8133,20.0726,18.4942
24.1877,-30.878,SER,,0.6442,21.7411,20.7889,19.8688
24.4641,-45.9064,DEV,,0.6554,22.9232,21.1048,19.5881
24.52,-24.6319,DEV,,0.7213,21.1726,20.1561,18.9149
24.5229,-10.284,REX,,0.6016,22.5857,20.8128,19.4925
24.7594,-20.7683,REX,,0.6142,21.4286,20.3694,19.3673
24.974,-63.8678,SER,,0.4827,21.4025,19.5738,18.4745
25.3093,4.5443,SER,,0.6102,20.9755,19.9175,19.0726
25.4599,-14.3095,SER,,0.3676,20.4608,19.1061,18.3431
25.6371,-57.925,SER,,0.7289,22.398,20.2482,18.533
25.6521,2.9063,SER,,0.4485,21.3363,20.3116,19.5491
25.7677,6.4735,SER,0.5087,0.5132,20.8646,18.9267,17.7161
25.8056,-32.0032,SER,,0.3372,19.1341,17.6584,16.688
25.8061,-24.482,SER,,0.4792,21.2654,19.7131,18.3565
25.8527,-46.869,SER,,0.7543,21.4249,20.5358,19.5127
26.0263,-6.745,SER,0.5811,0.5811,20.5156,19.2305,18.2017
26.1307,-31.213,SER,,0.2051,19.9891,18.8035,18.137
26.1543,7.2666,SER,0.6866,0.6841,21.9338,20.0123,18.3948
26.202,26.1353,SER,,0.0346,17.8545,17.4109,17.1392
26.6165,-33.7737,EXP,,0.8045,21.699,20.8416,19.6838
26.6835,-2.7242,SER,,0.4364,21.8353,20.5618,19.7888
26.9327,-17.4894,SER,,0.4399,20.9072,19.0641,18.0633
27.1631,-44.4321,SER,,0.7641,22.4157,20.7483,18.9027
27.2323,20.0855,SER,0.2649,0.286,19.3378,17.7503,16.8864
27.3759,-45.8398,DEV,,0.4047,19.9003,18.3103,17.4648
27.4112,13.7805,SER,0.3831,0.3613,20.4548,18.7517,17.8285
27.586,-13.2907,SER,,0.7521,21.1449,20.3509,19.3751
27.5987,-31.711,SER,,0.5434,20.0585,18.8705,17.8149
28.0407,-40.9781,SER,,0.6664,20.857,18.9201,17.3375
28.2105,-39.3888,SER,,0.4699,20.9334,20.1207,19.4188
28.3927,1.6365,SER,0.7006,0.668,20.7636,19.5095,18.2148
28.4044,32.1137,SER,0.3684,0.3799,19.7001,17.84,16.8936
28.4748,-32.5996,DEV,,0.6541,22.0301,20.134,18.6341
28.5763,-7.6342,DEV,,0.6226,23.0507,21.2281,19.8213
28.6357,31.1044,SER,,0.3618,20.68,19.1548,18.2571
28.696,-37.6719,REX,,0.4462,20.4784,19.3903,18.6881
28.8219,-35.183,EXP,,0.7662,22.3737,21.1433,19.6414
28.8233,-64.5816,SER,,0.4519,21.2748,20.5487,19.9435
28.8262,-21.4814,SER,,0.2708,18.9453,17.4489,16.6838
28.9082,-26.0768,SER,,0.2983,20.9275,19.7975,18.2474
28.9638,-7.7376,SER,0.5908,0.6015,22.1531,20.3346,18.9531
28.9727,-23.7686,SER,,0.1571,20.3419,19.9364,19.7855
29.1784,20.8688,DEV,,0.6516,23.4512,21.3882,19.8452
29.2958,-61.4288,DEV,,0.8295,21.7016,20.8954,19.4574
29.3004,28.3745,DEV,0.6651,0.7306,23.0775,21.2579,19.574
29.3247,-27.5342,SER,,0.157,18.8209,17.734,17.0322
29.4173,-37.4455,SER,,0.7537,21.0812,20.21,18.9163
29.4457,-25.2386,SER,,0.4155,21.2572,19.7015,18.7435
29.4992,5.4364,DEV,,0.3755,19.9252,18.9248,18.1229
29.5103,-8.5333,SER,,0.1795,18.9162,17.7476,17.002
29.5179,-22.4846,DEV,,0.2443,18.8165,17.5606,16.8544
29.5863,-15.5573,SER,,0.6892,21.118,20.2552,19.3603
29.7076,-34.2272,SER,,0.5009,20.5589,19.4864,18.6939
29.7202,0.3009,SER,0.362,0.3835,20.3397,18.6311,17.7085
29.7403,-23.3898,REX,,0.7573,21.1091,20.2171,19.0767
29.8724,-56.588,SER,,0.194,18.8167,17.5567,16.7482
30.0498,-34.9351,DEV,,0.6559,22.509,20.8311,19.381
30.128,-3.3751,SER,,0.1827,18.5072,17.4329,16.7294
30.3392,32.475,SER,0.3957,0.3317,20.6585,18.9964,17.9497
30.4216,-34.2384,SER,,0.3497,20.0746,18.416,17.5066
30.4465,6.6551,SER,,0.2303,21.4181,20.535,18.5243
30.456,8.2627,EXP,,0.0793,19.9966,19.6961,19.4782
30.4758,-45.3282,REX,,0.8751,21.392,20.7561,19.7083
30.5426,-11.1512,SER,,0.4428,22.2909,20.4862,19.4895
30.8268,-12.9522,SER,,0.6407,22.8812,21.2481,19.8703
30.8381,15.2051,SER,,0.0665,18.1905,17.7059,17.4214
30.846,-7.7256,SER,0.5378,0.5408,21.9225,20.0895,18.8864
30.868,8.06,DEV,,0.6278,23.151,21.2719,19.8733
31.0262,-2.9054,SER,0.2371,0.2546,19.0799,17.7284,16.9001
31.0334,-6.0833,DEV,,0.6995,23.0344,21.1053,19.5013
31.2008,-46.932,SER,,0.2455,18.8417,17.6295,16.8908
31.2392,-41.8455,SER,,0.2492,18.8071,17.4395,16.7015
31.6626,-17.9579,SER,,0.346,19.3231,17.6094,16.7241
31.6648,-7.9674,DEV,,0.8637,24.1339,21.9724,19.9228
31.6926,-36.4939,SER,,0.2608,20.7131,19.8036,19.1026
32.0264,-11.3357,SER,,0.405,20.4385,19.1399,18.3174
32.4929,0.7432,SER,0.3018,0.2757,19.795,18.3016,17.4009
32.5038,-44.9585,SER,,0.5255,20.8481,20.0595,19.5258
32.7408,30.7377,DEV,,0.2769,24.0219,21.2437,19.7154
32.9493,16.2955,SER,,0.3453,21.8838,20.4895,18.7909
32.9601,-27.4576,REX,,0.7043,20.9641,20.1192,19.1508
32.9976,-59.9403,SER,,0.2064,18.9872,17.914,17.1955
33.0009,-59.9385,DEV,,0.8323,21.2229,20.5733,19.7178
33.064,-33.5297,SER,0.5886,0.5834,20.9522,19.3832,18.0758
33.0929,-61.9974,SER,,0.6503,21.2906,20.4532,19.6673
33.1146,-43.3181,SER,,0.2754,20.5458,19.3255,18.6055
33.1253,1.8769,SER,,0.4897,21.221,19.813,18.8303
33.166,-35.1505,DEV,,0.6862,22.411,20.4436,18.8523
33.2882,-13.9883,REX,,0.4274,22.3722,20.7106,19.7861
33.4407,8.0076,SER,,0.2283,18.8271,17.4402,16.625
33.4607,6.0836,SER,0.2507,0.2352,18.8682,17.4686,16.6639
33.4735,-1.937,SER,,0.3013,20.5399,19.1939,18.3469
33.4978,-21.2827,SER,,0.3373,20.2393,18.5585,17.6958
33.7682,-28.7119,SER,,0.6696,22.5811,20.6903,19.2304
33.8607,-14.8844,SER,,0.2289,18.8168,17.4525,16.6932
33.882,1.6872,SER,,0.1766,18.5613,17.5636,16.9044
33.901,-54.7059,SER,,0.8214,22.5142,20.42,18.4796
34.0145,-18.9568,SER,,0.5914,20.737,18.9349,17.5565
34.0411,-17.3858,SER,,0.3681,19.5276,17.7119,16.796
34.4601,-9.6289,SER,0.0501,0.0259,17.9066,17.4837,17.2288
34.5199,27.5106,DEV,,0.5461,21.8748,19.8766,18.5596
34.7973,-39.8245,REX,,0.1349,19.9318,19.5785,18.8936
35.0539,-12.508,SER,,0.2209,18.782,17.5632,16.8508
35.2583,-14.0897,DEV,,0.5558,22.7899,20.8996,19.6083
35.3672,19.535,SER,,0.2094,19.5791,18.0618,16.957
35.4188,-46.8757,SER,,0.269,19.9355,19.2205,18.6195
35.4391,-16.1155,REX,,0.8374,22.0625,21.2776,19.6804
35.5455,5.1584,DEV,,0.6556,22.846,21.0012,19.484
35.5531,-30.0091,DEV,,0.8288,22.065,21.2112,19.677
35.5831,-64.6716,REX,,0.2551,18.8861,17.5679,16.7532
35.6166,-30.981,EXP,,0.9459,21.9488,21.2552,19.9641
35.6939,23.0161,DEV,,0.7903,23.3688,21.3647,19.4298
35.733,-24.2891,SER,,0.5163,20.9476,19.0645,17.8536
36.0483,-0.3682,REX,,0.3394,21.0913,20.0974,19.3961
36.3518,8.3196,SER,,0.1224,18.7486,17.6922,16.9366
36.4902,-4.9797,SER,0.1428,0.1492,18.48,17.4074,16.7092
36.6222,-55.5358,SER,,0.3028,21.2903,20.3304,19.1543
36.6796,16.1597,SER,,0.2849,21.9984,21.1661,19.1817
36.9554,-27.8666,DEV,,0.6202,23.224,21.3462,19.9521
36.9793,0.7565,SER,0.6462,0.6047,20.6926,19.7393,18.8447
37.295,-17.2695,DEV,,0.9247,23.4088,21.6287,19.6932
37.4357,-19.4047,REX,,0.5641,21.1019,19.9478,19.1342
37.519,2.6855,REX,0.5187,0.5311,20.7048,19.3795,18.4342
37.5201,-33.2401,REX,,0.7014,21.7008,20.6115,19.4133
37.5293,-20.421,DEV,,0.9216,22.1742,21.2515,19.5153
37.7027,-27.0416,SER,,0.3874,20.058,18.4213,17.5075
37.7325,-15.5431,SER,,0.6148,21.7826,19.976,18.556
37.785,1.9184,SER,,0.6449,23.2463,21.43,19.994
37.8241,1.872,SER,,0.6802,22.3243,20.5021,18.9373
37.9118,-35.752,SER,,0.3322,19.689,18.0624,17.2064
37.9592,6.3626,SER,,0.2494,20.3453,19.0177,18.2336
38.0464,17.7918,EXP,,0.6793,21.6639,20.3022,18.7897
38.0829,-12.5985,SER,,0.2135,19.8463,19.2356,18.8357
38.1887,15.5584,SER,,0.1875,19.0358,17.6556,16.756
38.2493,5.9986,DEV,,0.4948,21.9171,20.0162,18.8423
38.5356,-14.8371,EXP,,0.6705,21.2685,20.272,19.193
38.5978,-21.0307,SER,,0.2052,18.9752,17.7315,16.9972
38.6337,-39.9325,DEV,,0.593,20.553,19.7343,18.4272
38.6378,-3.1681,DEV,0.577,0.5915,21.7441,19.9282,18.5843
38.7653,-61.8766,REX,,0.67,21.6082,20.6213,19.3195
38.8763,-39.1156,DEV,,0.5375,22.7386,20.8833,19.6721
38.8781,-39.1155,EXP,,0.5105,20.2305,19.2182,18.4883
39.0793,6.5983,DEV,,0.5687,21.3233,19.6799,18.4353
39.0852,-3.5509,SER,0.265,0.2677,19.3382,17.8179,17.0035
39.1016,-28.6739,SER,,0.6681,21.1557,20.1206,19.1831
39.1086,-22.8702,DEV,,0.5948,21.6516,19.756,18.3658
39.1649,0.4826,REX,,0.4945,21.2441,19.8103,18.8956
39.4288,-45.9114,SER,,0.6048,22.1198,20.2667,18.8487
39.4294,-42.257,SER,,0.7743,21.4631,20.6996,19.7864
39.8741,14.3212,DEV,,0.761,22.0828,20.4024,18.5823
39.9208,-58.9079,DEV,,0.8402,23.2567,20.9185,18.9572
40.0008,-2.0393,SER,,0.7461,20.9381,20.2245,19.2164
40.0144,10.2803,SER,,0.2264,19.1392,17.6532,16.7611
40.1212,-11.6938,SER,,0.7128,22.5999,20.7736,19.1682
40.1823,-28.9496,SER,,0.3286,19.9435,18.9921,18.2778
40.2214,-33.5662,SER,,0.584,21.1961,20.1126,19.2373
40.2602,-6.0838,SER,,0.338,19.7207,18.0243,17.144
40.4023,-38.0871,SER,,0.283,19.8781,18.442,17.6039
40.5294,-33.6994,SER,,0.2511,18.8198,17.6758,16.9537
40.5605,-33.3706,SER,0.3175,0.3395,19.1016,17.4739,16.6136
40.6001,-35.4015,REX,,0.7648,21.8632,20.9283,19.8179
40.6255,0.6716,DEV,,0.7716,22.9549,21.5252,19.9381
40.6907,-61.699,DEV,,0.5229,20.7619,19.3857,18.4437
41.0351,-24.5746,SER,,0.4991,21.3253,19.8528,18.7392
41.1759,-12.3897,SER,,0.669,21.1596,20.1573,19.1876
41.1963,-1.1606,SER,0.584,0.587,20.4329,18.7307,17.3958
41.2769,17.5516,SER,,0.6101,21.8841,19.9732,18.5027
41.3521,-20.5386,SER,,0.7002,21.5982,19.922,18.3144
41.8827,-48.2952,EXP,,0.6227,21.756,20.5145,19.4643
42.3082,-49.8473,DEV,,0.6481,20.2608,18.9471,17.6683
42.6184,-63.1419,DEV,,0.7292,23.4561,21.5254,19.8616
42.9472,-2.6135,DEV,,0.898,22.402,21.517,19.9065
43.1721,-46.9393,SER,,0.2576,19.6707,18.4725,17.7199
43.2517,20.7043,SER,,0.1916,19.7556,18.0846,16.942
43.3924,-28.77,SER,,0.4651,20.1885,18.8476,17.9668
43.471,-28.165,SER,0.2728,0.2459,18.9923,17.5601,16.7756
43.9416,-54.8237,SER,,0.5579,20.7092,19.8121,19.1223
44.2687,-20.3155,REX,,0.7221,22.842,21.4222,19.9747
44.2983,-32.5098,SER,,0.6748,22.1135,20.1463,18.6423
44.766,-20.7706,SER,,0.2779,18.8984,17.508,16.6969
44.8186,-26.7368,DEV,,0.8004,23.2733,21.3707,19.561
45.0943,-7.6865,SER,0.5666,0.5978,20.9908,19.5202,18.227
45.2832,-28.1261,SER,0.3721,0.3812,19.5114,17.6596,16.7338
45.4853,-28.809,SER,,0.2473,19.1437,17.7774,17.0435
45.4943,-4.0897,EXP,,0.7023,22.0284,20.7345,19.4625
45.5738,-22.1085,SER,,0.7094,23.4556,21.3693,19.7394
45.5767,-13.1093,EXP,,0.6339,22.3903,20.6827,19.2756
45.7622,-61.2902,SER,,0.3999,21.144,20.1485,18.495
45.925,-45.0542,DEV,,0.8207,22.0565,21.1194,19.4394
45.9404,-13.4087,DEV,,0.6894,22.9721,21.2919,19.7841
46.0064,-22.3677,SER,,0.2553,17.8068,16.3333,15.5445
46.2273,-5.4499,REX,,0.4299,22.1801,20.3601,19.377
46.5797,-20.9394,SER,,0.6852,22.5472,20.9915,19.4912
46.5962,-8.0612,SER,0.2873,0.2968,19.3717,17.7379,16.8328
46.9585,-19.7979,DEV,,0.7894,22.7992,21.0396,19.2289
47.2494,-34.6868,SER,,0.398,21.0065,19.411,18.3291
47.3707,-10.4736,SER,,0.2154,19.0808,17.7164,16.8764
47.6049,-44.5,SER,,0.157,19.2955,18.8371,18.6083
47.669,-50.8221,SER,,0.8401,23.1413,21.5946,19.8046
47.7202,-22.723,SER,,0.1305,18.5938,17.7699,17.2003
48.4303,-19.7354,REX,,0.9493,22.9372,21.5934,19.7491
48.598,-54.6504,SER,,0.7375,21.2048,20.6723,19.566
48.6966,-31.179,SER,,0.7204,21.923,20.3641,18.8278
48.8176,-31.1305,DEV,,0.261,20.697,19.2724,18.4781
49.2616,-23.3372,DEV,,0.7373,22.5331,20.6436,18.9637
49.2773,-43.4571,REX,,0.824,21.1915,20.535,19.4972
49.3616,-28.214,SER,,0.7016,22.1323,20.5816,19.1032
49.4191,-17.1849,SER,,0.4983,20.3231,18.7776,17.7162
49.4749,-44.352,SER,,0.2471,18.9247,17.5095,16.7569
49.8197,-30.7148,SER,,0.4997,20.9276,19.8234,18.6206
49.9923,-3.4863,SER,,0.5066,21.682,19.9396,18.8059
50.053,-64.8443,DEV,,0.769,23.0133,21.4118,19.7225
50.5244,-22.393,EXP,,0.5993,21.0104,19.938,19.1247
50.5707,-25.0292,SER,,0.3792,21.2287,19.4682,18.5085
50.6343,-8.0516,SER,,0.1637,20.4081,19.8906,19.5406
51.1016,-2.027,SER,,0.5286,21.4869,19.6521,18.4139
51.9453,-27.2953,SER,,0.8422,22.9989,21.0242,19.0373
51.9643,-15.5273,DEV,,0.5783,20.756,18.8711,17.4895
51.9919,-16.8622,DEV,,0.7768,23.0155,21.4602,19.8246
52.1292,-15.8884,SER,,0.125,20.7629,20.3153,19.9891
52.1752,-43.3363,SER,,0.3683,21.4092,20.0594,18.2078
52.6621,-43.1767,SER,,0.4857,21.3732,19.8909,19.0247
53.1258,-38.6471,REX,,0.5196,21.163,19.6997,18.729
53.189,-40.0936,DEV,,0.7034,22.7034,20.7439,19.1077
53.2439,-4.9065,DEV,,0.6602,22.03,20.3007,18.7802
53.586,-14.9058,SER,,0.4406,21.463,19.7315,18.5422
53.7118,-38.7447,DEV,,0.3356,19.5256,18.0428,17.1495
53.8361,-40.6052,SER,,0.5582,21.6071,19.9783,18.8239
53.9151,-20.3305,SER,,0.5913,20.4678,19.0026,17.8105
53.974,-15.0563,DEV,,0.7234,22.4448,20.4174,18.6626
54.1627,-63.0254,SER,,0.2358,19.2094,17.8233,17.0472
54.178,-33.6828,DEV,,0.3591,20.5796,18.8069,17.8027
54.3932,-3.6915,SER,,0.5753,21.1881,19.5198,18.2266
54.4879,-33.2605,REX,,0.6986,23.1954,21.3796,19.8077
54.6423,-40.8624,REX,,0.8089,21.5861,20.7931,19.6142
54.7347,-56.307,REX,,0.7808,21.3582,20.4723,19.2058
55.1214,-10.3019,SER,,0.4113,20.8144,18.8836,17.8581
55.1834,-27.522,DEV,,0.593,20.5698,19.3754,18.1944
55.6612,-29.292,SER,,0.4084,19.9245,18.1721,17.2084
55.6917,-47.2155,REX,,0.7819,21.6681,20.7713,19.6052
55.7014,-23.7118,DEV,,0.7394,21.9444,21.0109,19.9225
55.8482,-36.9675,SER,,0.4323,21.263,19.4695,18.4942
55.8949,-38.6928,DEV,,0.853,23.3049,21.5691,19.6373
55.9413,-9.2182,SER,,0.4101,21.3036,19.3254,18.2975
56.0455,-46.221,DEV,,0.7669,22.2631,20.9312,19.3811
56.1886,-64.3594,DEV,,0.8179,22.6357,21.3519,19.6413
56.4112,-49.1728,SER,,0.2399,18.6811,17.5637,16.9108
56.4503,-38.4628,SER,,0.7989,22.7796,20.4502,18.5473
56.4885,-24.8577,SER,,0.3014,20.5821,19.099,18.2917
56.5486,-46.0298,SER,,0.4,20.3439,19.1273,18.3663
56.5705,-17.5598,DEV,,0.6356,22.0333,20.2643,18.8057
56.607,-28.6624,DEV,,0.8061,23.4015,21.5941,19.8512
56.6276,-41.033,SER,,0.2284,18.911,17.7295,17.0293
56.6573,-33.1324,SER,,0.2857,19.2651,17.7387,16.9358
56.6609,-63.2614,SER,,0.6424,21.2162,20.2312,19.0713
56.7199,-57.6516,SER,,0.7935,21.5332,20.723,19.6734
56.8716,-22.2088,SER,,0.8586,21.9321,20.8869,19.2614
56.872,-38.0505,DEV,,0.8048,23.0438,21.2386,19.4231
56.9581,-34.6886,SER,,0.633,21.6233,20.4079,19.3285
56.9604,-24.9295,SER,,0.6448,22.2227,20.5409,19.1292
56.9804,-30.5661,SER,,0.6004,21.0015,19.3123,17.9361
57.2879,-7.1065,SER,,0.1773,20.1633,19.5078,18.873
57.2982,-33.0173,SER,,0.5171,20.3983,18.5058,17.3234
57.5617,-63.3863,SER,,0.6597,21.1848,20.1092,19.1005
57.66,-47.1487,SER,,0.7074,23.0118,21.0619,19.4502
57.7914,-46.4112,SER,,0.2514,18.9379,17.5795,16.8691
57.8451,-64.0336,SER,,0.2308,19.1478,17.7575,16.9826
57.9521,-12.9684,EXP,,0.6851,20.9522,19.9349,18.8712
58.1152,-22.2745,SER,,0.1018,18.127,17.7657,17.4184
58.1802,-26.7145,SER,,0.7632,22.6403,20.8746,19.1108
58.192,-11.1688,REX,,0.788,21.1974,20.522,19.3965
58.284,-58.9149,SER,,0.4862,20.4799,18.6436,17.5496
58.5769,-42.7843,SER,,0.111,20.173,19.6348,19.3325
58.7255,-45.1985,REX,,0.3741,22.365,20.6663,19.8185
59.1199,-13.9418,DEV,,0.3363,19.9814,18.3511,17.4746
59.3453,-57.6459,SER,,0.7286,22.6024,20.6904,18.9826
59.5787,-57.7967,EXP,,0.3563,20.749,19.5814,18.8243
59.5968,-55.0212,SER,,0.9385,22.1097,21.3022,19.9274
59.6451,-52.4199,DEV,,0.7171,22.8964,20.7872,19.1237
59.6756,-34.6748,SER,,0.3344,21.8819,20.3599,19.5381
59.7174,-2.0802,REX,,0.1657,19.5816,18.4087,17.5145
59.735,-27.0165,REX,,0.4829,22.546,20.6321,19.5612
60.0093,-32.5871,SER,,0.2111,18.438,17.306,16.565
60.0484,-19.6706,REX,,0.6925,21.4174,20.2496,19.0528
60.2195,-11.9548,DEV,,0.6215,22.9205,21.2529,19.8851
60.5124,-29.5589,SER,,0.2341,19.0031,17.6304,16.8764
60.5213,-48.1357,SER,,0.2768,18.8187,17.3125,16.5202
60.528,-26.12,SER,,0.7182,22.5737,20.6242,18.9562
60.548,-44.4363,DEV,,0.783,22.6438,21.1819,19.5046
60.9148,-63.0246,SER,,0.3948,20.0542,18.3292,17.4108
61.1795,-66.1834,SER,,0.2916,20.057,18.8734,18.1364
61.2064,-24.8192,SER,,0.4463,21.0515,19.2022,18.1999
61.26,-26.5615,REX,,0.7025,22.2089,20.8598,19.5123
61.2612,-26.5605,DEV,,0.6699,23.2288,21.3017,19.7625
61.2826,-19.9998,SER,,0.2749,19.2837,17.8114,17.0174
61.4532,-22.4275,SER,,0.5392,21.3488,19.8535,18.0365
61.8974,-60.4925,SER,,0.0776,18.1669,17.5818,17.1723
61.9478,-18.8093,SER,,0.1572,18.6513,17.619,16.9735
61.9707,-49.3403,SER,,0.2624,18.6875,17.5092,16.8099
62.0902,-28.6892,SER,,0.823,22.547,21.1395,19.3411
62.2721,-44.6439,REX,,0.569,20.6156,19.3598,18.381
62.6332,-7.3401,DEV,,0.7136,23.4313,21.3895,19.689
63.0386,-1.8685,DEV,,0.2773,21.176,19.5397,18.4744
63.2121,-9.783,SER,,0.5953,22.1425,20.2517,18.8528
63.5531,-42.8062,DEV,,0.7112,22.9663,20.9908,19.3459
63.9845,-5.3827,DEV,,0.7578,23.0531,21.2607,19.4824
64.2603,-35.6136,SER,,0.5174,21.3913,19.503,18.3303
64.4028,-1.4101,DEV,,0.7346,22.1351,20.6845,19.0977
64.4471,-65.3989,SER,,0.5297,21.8228,19.9093,18.6695
64.7536,-33.1899,SER,,0.346,19.5865,17.8596,16.9956
65.2746,-52.4002,SER,,0.3336,21.4523,20.2906,18.7464
65.3667,-47.0248,DEV,,0.7847,22.8285,21.4303,19.8662
65.6001,-28.3021,DEV,,0.479,21.3541,20.1504,19.3659
65.6185,-3.1446,EXP,,0.6146,21.2773,20.1502,19.2282
65.7065,0.7816,DEV,,0.5381,23.0672,21.2922,19.9883
65.7083,0.7796,DEV,,0.6138,22.2176,20.3016,18.8823
65.8242,-60.3289,REX,,0.4789,20.4583,19.1184,18.3696
65.8328,-60.1294,SER,,0.7326,21.1324,20.2727,19.2859
65.9306,-44.8582,SER,,0.3508,21.3393,19.7111,18.8587
66.0631,-46.1429,DEV,,0.3883,21.8808,20.6151,18.9466
66.4646,-39.7264,SER,,0.2541,18.7913,17.5203,16.7285
66.5077,-64.4597,SER,,0.065,18.2208,17.7079,17.4264
67.181,0.3865,SER,,0.4131,20.836,19.0794,18.15
67.2937,-56.0576,SER,,0.2924,18.9056,17.4589,16.693
67.3244,-11.4503,SER,,0.5297,21.6692,19.8326,18.6356
67.3253,-11.4519,DEV,,0.47,22.0405,20.091,18.9701
67.4553,0.3145,SER,,0.4694,22.1052,20.366,19.2164
67.4876,-4.156,SER,,0.3966,21.9795,20.2241,19.2822
67.5506,-11.2821,SER,,0.7959,22.2828,21.0298,19.4398
67.6321,-60.3918,SER,,0.6545,20.4379,19.6433,18.7398
67.8292,-57.5677,SER,,0.2299,18.6821,17.5623,16.9068
68.0878,-53.4962,SER,,0.3852,21.4506,19.7826,18.8889
68.0898,-12.0076,DEV,,0.6874,22.6704,20.7239,19.111
68.187,-28.0851,SER,,0.6496,20.6199,19.3935,18.0917
68.9324,-64.7163,DEV,,0.6061,20.847,19.5638,18.465
69.1259,-44.9414,SER,,0.2738,19.0808,17.5787,16.7955
69.2327,-47.1557,SER,,0.0529,18.2029,17.65,17.3152
69.702,-28.5647,SER,,0.4106,20.5824,18.7259,17.759
69.8105,-6.9261,SER,,0.4345,20.7878,19.1254,18.1033
69.8213,-63.2116,SER,,0.0505,18.2186,17.3971,16.8524
70.1395,-35.5225,DEV,,0.6874,21.4728,20.1164,18.7686
70.2524,-9.332,SER,,0.6577,21.2492,20.0901,18.9715
70.4598,-24.8723,REX,,0.5929,21.2227,20.1871,19.2084
70.5936,-20.4866,SER,,0.24,19.1703,17.8139,17.0944
70.6789,-8.6091,DEV,,0.5878,20.9779,20.4277,19.8297
70.7451,-10.4251,SER,,0.5054,20.4181,18.6544,17.3941
70.8053,-17.5778,SER,,0.5342,22.1507,20.4339,19.2733
71.1843,-47.1718,SER,,0.8827,21.3337,20.7449,19.8191
71.4146,-54.8737,SER,,0.3522,19.4517,17.7398,16.8755
71.7398,-18.3563,SER,,0.5804,21.2285,20.5185,19.7343
71.9503,-50.7443,SER,,0.5508,22.6202,20.7042,19.406
71.9659,-36.3823,REX,,0.8454,21.8605,21.0659,19.6311
72.7945,-30.0974,SER,,0.4717,21.0991,19.44,18.2725
72.85,-50.2225,SER,,0.8362,21.1326,20.4395,19.1869
72.9736,-60.6433,SER,,0.7153,21.2724,20.2497,19.1558
73.2912,-24.8383,DEV,,0.2882,22.3711,20.9903,19.2268
73.3,-38.26,SER,,0.6396,22.1571,20.3214,18.8581
73.3391,-43.7839,SER,,0.8503,23.295,21.6533,19.8682
73.9446,-11.1379,EXP,,0.3709,21.4088,20.6256,19.9712
74.6586,-20.4149,SER,,0.3349,21.4339,20.4147,19.1473
74.7016,-48.696,REX,,0.8654,21.4797,20.7042,19.4964
74.839,-48.8337,DEV,,0.9565,24.3987,21.8056,19.7487
75.141,-62.2064,SER,,0.378,20.9428,19.2,18.3381
75.2006,-48.0216,SER,,0.3082,19.8355,19.0369,18.424
75.3769,-31.311,SER,,0.2032,18.7184,17.51,16.7589
75.4194,-51.1208,SER,,0.3856,21.2069,19.539,18.6844
75.5223,-55.4627,DEV,,0.9236,22.8479,21.2228,19.2543
75.9364,-39.1093,REX,,0.6043,20.7274,19.6457,18.6776
76.0034,-53.9238,SER,,0.6008,22.3342,20.9263,19.0843
76.0808,-34.9514,SER,,0.8479,21.3199,20.6808,19.5
76.1015,-34.0785,DEV,,0.8014,21.8199,20.8154,19.4483
76.403,-53.3494,SER,,0.3766,19.916,19.1878,18.5632
76.7254,-62.4228,SER,,0.2433,19.0625,17.6971,16.9715
76.9799,-22.652,EXP,,0.7514,21.1652,20.3208,19.189
77.1,-51.7697,SER,,0.2865,20.5932,19.2847,17.8652
77.1657,-49.3023,SER,,0.6286,21.5406,19.7603,18.2807
77.2108,-50.267,SER,,0.6713,20.9146,20.0878,19.2662
77.5953,-44.4359,SER,,0.5952,20.9024,19.55,18.4527
78.6583,-54.0851,EXP,,0.589,21.8785,20.6438,19.6877
78.8255,-51.7351,EXP,,0.6123,20.8403,19.8372,19.0154
78.8936,-21.4615,SER,,0.6044,21.5876,19.7454,18.3238
79.0758,-17.7903,EXP,,0.6716,22.3419,20.8531,19.4979
79.3652,-35.9767,SER,,0.6058,22.5262,20.9251,19.5949
79.5591,-34.9697,DEV,,0.7872,22.2758,20.5096,18.6453
79.5705,-31.5712,SER,,0.544,21.2038,19.3987,18.1975
79.8651,-32.1677,REX,,0.6661,21.0379,19.9759,18.923
80.189,-26.3467,SER,,0.4358,20.5283,18.8476,17.8486
80.2551,-29.534,SER,,0.6398,21.9955,20.1342,18.6533
80.2577,-41.875,DEV,,0.6617,21.2812,19.9688,18.7067
80.6045,-38.176,SER,,0.2773,20.086,18.672,17.8911
80.712,-46.1864,SER,,0.385,19.7354,17.8971,16.9816
80.7794,-24.0234,SER,,0.6304,20.6632,19.5863,18.5155
81.4991,-45.066,REX,,0.8537,21.9877,21.1031,19.7728
81.7963,-52.1621,EXP,,0.7352,22.0744,20.8197,19.4298
81.8816,-29.3084,SER,,0.3827,21.6188,20.3479,19.5791
81.9879,-38.5981,DEV,,0.7701,23.6997,21.589,19.8307
82.5035,-59.1529,DEV,,0.8427,23.0675,21.3097,19.4338
82.576,-22.4267,DEV,,0.4352,21.5806,20.2973,19.3835
82.748,-42.923,SER,,0.7263,22.0274,20.8752,19.6842
82.7597,-62.4096,DEV,,0.6811,22.7232,20.8876,19.3127
83.0753,-35.7541,SER,,0.492,22.6935,20.9113,19.8125
83.2214,-32.6915,REX,,0.5921,21.7885,20.4192,19.311
83.4514,-34.7154,SER,,0.6559,21.4399,20.2363,19.0643
83.7169,-36.5195,SER,,0.2809,19.5925,18.0549,17.2646
84.0181,-48.1832,DEV,,0.4206,20.6915,19.5094,18.6932
84.1871,-26.949,SER,,0.7543,22.3489,20.7163,19.0325
84.3784,-29.0817,DEV,,0.8404,23.6446,21.5914,19.6028
84.4011,-38.9845,DEV,,0.6394,22.1424,20.8302,19.6387
85.1439,-44.0294,SER,,0.5618,22.2661,20.4805,19.2324
85.2071,-21.4598,SER,,0.541,21.1665,19.2724,18.0189
85.3123,-29.8598,SER,,0.3063,19.0437,17.6065,16.6729
85.3808,-22.237,SER,,0.7827,21.3714,20.5993,19.5835
85.6834,-20.1946,SER,,0.4365,21.0626,19.2398,18.2891
85.7891,-40.3619,SER,,0.4329,20.7815,19.4045,18.5237
85.8614,-23.2946,REX,,0.6483,21.0678,20.2724,19.3094
85.9796,-39.5471,SER,,0.6129,20.6615,19.5394,18.4804
86.5792,-21.0869,REX,,0.6184,21.1508,19.9209,18.8751
86.6583,-35.0138,EXP,,0.8378,22.0051,21.1702,19.9742
86.7554,-38.9093,SER,,0.1894,20.5715,19.8538,18.3776
86.8301,-52.8,SER,,0.8809,22.067,21.1815,19.8744
87.1795,-46.5314,SER,,0.5953,21.3126,20.0937,19.0089
87.2053,-33.1909,DEV,,0.7608,22.9211,21.0412,19.2409
87.4002,-23.927,SER,,0.5134,20.2342,18.3104,17.1102
87.4087,-32.735,SER,,0.6314,22.0497,20.6384,19.4107
88.0776,-50.491,SER,,0.172,18.8333,17.668,16.9334
89.0012,-22.4905,EXP,,0.9134,22.1527,21.3624,19.8676
89.0688,-43.7956,SER,,0.6305,20.7615,19.7488,18.6387
89.2194,-41.5158,SER,,0.6318,21.0567,20.2805,19.7217
89.338,-45.6487,SER,,0.5647,21.1673,19.9582,18.8649
89.3429,-22.9166,REX,,0.5232,20.9503,19.7166,18.7864
90.16,-35.5836,SER,,0.8029,22.2686,20.9286,19.1332
90.6148,-58.1934,SER,,0.6783,21.5136,20.3964,19.3406
90.6811,-58.4005,SER,,0.2873,19.1821,17.6185,16.8343
90.9948,-35.9762,DEV,,0.4887,21.5137,19.4617,18.2772
91.2521,-33.1392,SER,,0.6139,22.2882,20.4671,19.0605
91.457,-37.992,SER,,0.6884,21.5594,20.0638,18.5395
91.7081,-30.6127,SER,,0.6036,20.9617,19.8952,19.0194
92.132,-40.1923,REX,,0.7358,20.9862,20.5866,19.6733
92.1646,-32.2021,SER,,0.4376,20.2677,19.3909,18.6072
92.7762,-57.6836,SER,,1.0072,21.8247,21.0786,19.733
94.1192,-57.0601,DEV,,0.7712,22.218,20.8591,19.2985
94.3877,-43.8249,REX,,0.7863,23.5479,21.662,19.9169
94.6031,-48.9212,SER,,0.5788,21.9218,20.8151,19.8535
94.6507,-47.0086,SER,,0.6195,22.8611,21.1174,19.7191
95.1428,-43.8478,DEV,,0.7129,22.8015,21.2456,19.746
95.5826,-58.8788,DEV,,0.8999,23.3827,21.5459,19.57
96.2904,-50.8747,SER,,0.4875,20.458,18.5294,17.3664
107.5899,31.4336,DEV,,0.7693,23.2715,21.3511,19.5161
107.9877,31.8242,REX,,0.7111,22.5137,20.8584,19.3171
108.425,33.0032,REX,,0.5968,22.0475,20.6222,19.403
108.7682,27.7765,DEV,,0.7202,22.7304,20.6462,18.9149
108.8975,30.1404,DEV,,0.6944,22.2412,20.306,18.6621
109.106,31.6017,DEV,,0.3413,21.2517,19.5479,18.605
109.3033,25.9365,DEV,,0.6777,22.3616,20.6463,19.1479
113.7119,17.2044,SER,,0.2778,19.1684,17.6184,16.7599
114.4052,26.6132,SER,0.7552,0.715,20.9307,19.8594,18.5331
114.5157,16.0529,REX,,0.7639,21.0924,20.3614,19.1309
114.7977,28.4968,REX,,0.5706,20.4299,19.8202,19.094
115.3937,25.7364,REX,0.7121,0.7048,21.3278,20.3263,19.1497
116.9773,13.5747,EXP,,0.9185,21.6511,20.9582,19.6723
117.081,9.0661,REX,,0.4658,22.1578,20.4186,19.5809
117.1107,28.5903,SER,,0.442,19.3701,17.6025,16.5826
117.8932,14.497,SER,0.5702,0.5717,20.3553,18.9593,17.8655
118.7359,26.7982,SER,,0.9817,21.5205,21.0651,19.9641
118.7391,20.272,REX,,0.6468,21.7366,20.4922,19.3048
119.1781,29.2673,REX,,0.4823,22.7233,20.8729,19.8079
119.211,2.6785,EXP,,0.1753,20.4359,19.9694,19.5979
119.3393,9.263,SER,,0.3327,21.2504,19.8624,18.2481
119.5552,19.681,REX,,0.855,21.7577,20.9251,19.6081
119.7371,30.2619,SER,0.3211,0.3282,19.2799,17.5596,16.6248
119.7698,18.742,REX,,0.6559,21.3675,20.2378,19.1743
119.991,26.8919,SER,,0.2825,21.1194,19.8134,18.4811
120.0365,11.5258,DEV,0.7118,0.7353,22.4604,20.4871,18.7555
120.1318,24.6873,DEV,0.5601,0.5813,20.704,19.4314,18.3998
120.2142,6.2273,DEV,,0.785,23.643,21.7593,19.9668
120.2855,25.2802,EXP,,0.405,21.1219,20.2175,19.5873
120.3668,10.5361,SER,,0.7838,21.6139,20.7429,19.6921
120.4178,8.0186,SER,,0.2124,20.5267,19.4783,18.4202
120.5547,12.3621,SER,0.7329,0.697,20.8655,19.7094,18.3769
120.5641,14.6345,SER,,0.411,21.2423,19.4326,18.4955
120.6246,15.3131,DEV,,0.82,23.7592,21.5164,19.6839
120.927,6.9043,DEV,,0.657,22.0533,20.5532,19.1877
121.2457,10.2013,EXP,,0.5052,20.8537,19.9206,19.0115
121.2486,30.476,DEV,0.5359,0.3597,19.682,18.2601,17.2056
121.4941,-0.9598,DEV,,0.7948,23.3086,21.5062,19.7099
121.6244,7.4551,DEV,,0.6182,22.9271,21.1644,19.761
121.7696,16.6479,EXP,,0.6091,23.6,21.986,19.383
121.7832,29.6328,SER,0.3773,0.373,19.3197,17.5056,16.5707
122.7643,20.999,REX,0.8885,0.8784,22.8318,21.3618,19.5684
122.7648,21.0001,EXP,,0.8946,21.9055,21.1921,19.939
123.1264,27.6469,SER,,0.2325,20.3704,19.8024,19.4103
123.6277,-1.9801,SER,,0.2449,19.1492,17.6696,16.8429
123.7256,29.3517,SER,,0.327,21.6598,20.5275,19.0202
123.8773,30.468,DEV,0.5645,0.5494,21.873,19.9318,18.6337
124.0687,-3.2142,SER,,0.2664,20.9457,19.7179,18.6669
124.1064,3.3192,EXP,,0.8133,21.2147,20.7283,19.7523
124.1343,25.4657,REX,,0.394,21.9893,20.71,19.9816
124.6621,19.7121,SER,,0.4491,21.2758,19.4071,18.3969
124.7556,33.1763,DEV,,0.3696,22.0571,20.3556,19.3784
125.6284,23.2532,DEV,,0.7412,21.3715,20.2498,18.8961
126.0881,23.6267,SER,,0.3291,20.2566,19.0913,18.2188
126.2056,-5.7376,SER,,0.222,18.8421,17.6568,16.8859
126.2795,-1.3412,DEV,,0.2322,18.9695,17.545,16.7183
127.4741,-6.5287,SER,,0.5147,21.3582,19.634,18.4181
127.5609,24.7989,EXP,0.1816,0.5667,21.6333,20.3212,19.2329
127.9124,26.9098,SER,0.5395,0.5372,20.9333,19.2292,18.0053
127.9437,17.1446,SER,,0.6529,21.5508,20.3702,18.8733
128.2003,3.9715,DEV,,0.8661,22.5098,21.1419,19.4029
128.2943,3.0265,DEV,,0.7203,22.9502,21.0526,19.3585
128.3597,14.9249,DEV,0.6537,0.66,22.5274,20.81,19.3075
128.4547,4.5564,DEV,0.1756,0.1577,17.2722,16.1858,15.4578
128.9673,-2.5613,SER,,0.6706,22.6726,20.9522,19.4215
128.9905,24.5076,REX,,0.5384,22.0697,20.375,19.2019
129.2317,21.8853,EXP,0.866,0.8215,21.3224,20.528,19.2459
129.3559,9.3693,SER,,0.1191,20.0897,19.5893,19.2388
129.5691,-2.2738,SER,,0.5705,21.6315,19.8527,18.5885
131.8715,0.9346,SER,0.2053,0.2063,18.8907,17.6076,16.8408
132.1146,16.7675,SER,0.5624,0.58,21.8035,20.071,18.8148
133.6824,6.7496,DEV,,0.5438,22.7798,20.8707,19.736
133.8934,-8.6432,SER,,0.0818,18.3607,17.4485,16.7904
134.0786,19.3681,DEV,,0.3115,21.3829,19.9004,19.1147
135.0958,1.3602,SER,0.2518,0.2695,19.2201,17.7057,16.8932
135.2746,14.4814,EXP,,0.4573,21.7689,20.4435,19.3274
135.4727,21.0219,EXP,,0.5993,21.6944,20.7133,19.813
135.5751,6.7941,SER,,0.4732,20.0553,18.2401,17.0979
136.1265,12.0263,REX,,0.765,21.6217,20.6784,19.4466
137.4788,14.1647,SER,0.214,0.2225,19.1559,17.7639,16.9491
138.0167,17.4373,DEV,0.6938,0.7269,23.2127,21.1184,19.414
138.2473,3.2158,SER,,0.8196,21.8297,20.7805,19.1336
138.4427,5.1981,SER,,0.338,21.3776,19.7975,18.9145
138.667,16.0557,SER,0.5638,0.5721,21.6824,19.8392,18.5291
138.8375,1.6808,REX,0.5969,0.608,21.1902,19.8764,18.7221
139.0075,18.4919,DEV,,1.0152,23.6904,22.066,19.7593
139.1843,-3.6889,SER,,0.5936,21.3581,19.999,18.8922
140.2173,9.0619,SER,0.8598,0.8502,22.9273,21.0775,19.0509
140.7964,27.0938,SER,0.2714,0.2582,19.1663,17.7367,16.9188
141.218,-5.5307,DEV,,0.9037,23.0715,21.3681,19.3935
141.8763,29.6329,EXP,,0.3728,20.7404,20.263,19.954
142.0781,7.7427,DEV,0.5814,0.5839,21.7197,19.872,18.533
142.8911,-8.4913,DEV,,0.772,23.4902,21.4642,19.6556
143.6903,13.0958,DEV,0.5854,0.636,22.126,20.2668,18.8084
143.7018,9.5936,SER,0.3004,0.2906,19.0252,17.4416,16.6173
143.7157,24.6014,DEV,,0.7459,22.462,20.4234,18.6776
143.8219,9.7088,DEV,,0.839,24.4408,21.7148,19.8023
143.8726,6.1406,DEV,,0.3782,21.218,19.681,18.7596
145.5707,-0.5188,SER,,0.7066,21.371,20.2505,19.1425
145.7143,14.4588,DEV,,0.3835,21.7501,19.9928,19.0952
146.2395,18.9603,REX,0.5986,0.5428,21.4896,19.8165,18.5948
147.4844,28.791,DEV,0.6925,0.6886,21.1879,19.2643,17.6469
147.6379,17.375,DEV,,0.7704,22.7354,21.1984,19.6041
147.9429,-0.4797,SER,0.7616,0.7677,21.8227,20.2112,18.4617
148.1107,16.808,DEV,0.6612,0.6779,22.1918,20.6274,19.1851
148.5448,9.4198,REX,,0.4062,20.3512,19.3669,18.609
148.9164,30.2282,DEV,,0.4825,22.0827,20.4523,19.3497
149.4459,24.7795,DEV,0.5605,0.49,21.118,19.5072,18.3102
149.4766,14.9471,SER,,0.6416,22.0238,20.2051,18.7416
150.4863,15.4209,DEV,,0.3124,20.5082,18.9084,17.8666
150.7178,32.2722,SER,0.3013,0.2837,18.9941,17.4955,16.7146
151.6864,9.5381,DEV,,0.5209,23.0005,21.0961,19.9229
151.7477,21.1449,DEV,,0.6993,21.2342,20.363,19.3615
152.2042,1.5235,SER,,0.246,18.9109,17.6613,16.9189
152.2413,13.8624,REX,,0.584,21.5635,20.5116,19.5567
152.4917,1.541,DEV,,0.7168,23.4482,21.3536,19.687
152.6578,-5.2562,SER,,0.6287,21.772,19.9169,18.4481
152.8822,-3.7934,SER,,0.2665,19.1436,17.6686,16.8654
152.9121,28.4949,DEV,,0.7959,22.9425,21.2327,19.4578
152.9124,4.416,DEV,,0.5205,22.8817,20.9165,19.703
153.0553,21.429,SER,,0.2972,20.0665,18.5243,17.6956
153.1785,5.9709,EXP,,0.4144,22.2305,20.5959,19.6648
153.341,5.1475,DEV,,0.8063,23.4166,21.5202,19.6355
153.3476,6.8595,DEV,,0.6339,23.0179,21.1794,19.7421
153.6301,24.4854,SER,0.546,0.5609,21.0076,19.3723,18.1363
153.7291,6.3561,SER,0.6089,0.5966,20.7382,19.5386,18.5213
153.9434,18.2348,DEV,,0.8572,23.2107,21.6926,19.7457
154.0369,24.3094,SER,0.2407,0.258,18.9522,17.4758,16.6896
154.2775,27.1425,EXP,,0.8873,22.1531,21.2253,19.6491
154.6296,-4.0659,DEV,,0.6144,21.3745,19.8147,18.4859
154.8202,-3.5796,DEV,,0.2596,19.8076,18.7338,18.0707
155.2354,24.7317,DEV,,0.7656,23.1852,21.1541,19.3336
155.2663,-1.7821,DEV,,0.8004,23.0692,21.3078,19.4753
155.2857,-0.5696,SER,,0.2546,20.7311,20.017,19.6153
155.6355,10.2292,DEV,0.2362,0.2403,19.0915,17.6741,16.8943
155.8575,2.9884,DEV,,0.7143,22.8327,20.8415,19.1766
157.4283,-4.8102,SER,,0.3286,20.9631,19.2746,18.2955
157.5023,-9.8162,DEV,,0.3171,20.9663,20.3743,19.9512
157.668,-9.5392,SER,,0.1473,18.5064,17.4007,16.6638
158.1389,11.2161,DEV,,0.5463,22.7254,20.8704,19.6279
158.1865,-1.5565,SER,0.3181,0.3007,19.3092,17.712,16.8308
158.7661,2.6517,SER,,0.1388,18.8537,17.8127,17.0927
159.1496,23.3004,SER,0.3416,0.3397,19.4124,17.7215,16.8556
160.3277,-8.4987,SER,,0.3813,20.2932,19.11,18.3394
160.3592,-8.6539,SER,,0.4013,19.6101,17.6922,16.7195
160.4452,10.1611,EXP,,0.7609,23.1313,21.193,19.4486
160.6962,24.8794,DEV,,0.7983,22.7228,21.132,19.269
160.863,1.6112,DEV,0.6956,0.5573,22.4921,20.8026,19.4479
160.8735,26.6615,DEV,0.5656,0.5677,21.9767,20.129,18.8616
160.8898,26.7868,SER,0.5588,0.5676,21.4466,19.6085,18.2956
161.4663,6.4958,REX,,0.3592,21.7814,20.0906,19.2576
161.5507,-5.5709,DEV,,0.5907,21.3777,19.523,18.1286
161.8206,27.9906,SER,0.4333,0.4168,19.4368,17.7582,16.7713
161.8891,21.4509,SER,0.3618,0.374,20.0853,18.3504,17.4327
161.8899,1.8178,SER,,0.4267,20.458,19.3691,18.7037
161.9329,15.7453,DEV,,0.3731,20.6128,19.0716,18.2096
162.149,8.0753,SER,,0.7746,22.5165,20.6398,18.8237
162.5003,23.6515,SER,,0.2039,18.6912,17.5137,16.7866
162.6264,17.3685,SER,,0.3933,19.9549,18.3837,17.4581
162.8282,18.1906,SER,0.2181,0.2002,19.0731,17.7332,16.8443
162.9361,15.2317,REX,,0.4275,20.2908,19.4333,18.7158
162.9467,10.1164,DEV,,0.7829,22.416,20.8237,19.0676
162.9569,27.1855,DEV,0.6307,0.6649,22.4272,20.7732,19.2968
164.0191,27.0769,SER,,0.5391,21.0579,19.2407,18.0203
164.1528,17.8527,SER,,0.9213,21.6102,20.6562,18.943
164.2259,9.5203,DEV,0.7434,0.7415,22.2522,20.5229,18.8373
164.722,-29.7715,DEV,,0.743,22.7308,20.9955,19.2834
164.8937,-29.4393,DEV,,0.9454,23.3733,21.3907,19.2753
165.0299,26.4998,DEV,,0.3669,21.9662,20.3679,19.5149
165.3411,-6.7255,SER,,0.663,21.2319,20.1775,19.1737
165.4957,-2.2157,SER,0.5604,0.5752,20.5015,18.6428,17.2761
165.8901,23.9462,SER,,0.3413,20.154,18.692,17.8055
166.3796,2.9601,DEV,,0.7494,22.67,20.7894,19.0342
166.8473,11.5494,DEV,,0.504,20.6614,19.0902,18.0275
167.5486,-29.2356,REX,,0.6491,21.8345,20.4669,19.1366
167.5985,19.5633,SER,,0.3175,19.472,18.0236,16.8419
167.6815,-7.4024,SER,,0.719,20.4277,19.9818,18.8811
167.7567,5.1066,DEV,,0.6719,22.9352,21.0735,19.5147
167.804,14.2174,SER,0.1183,0.1229,18.4503,17.4153,16.6872
168.1427,17.4835,DEV,,0.621,22.1724,20.8163,19.5991
168.1551,24.346,DEV,,0.1552,18.7308,17.8333,17.1899
168.1835,23.8392,EXP,0.5378,0.5818,22.9569,21.0407,19.6878
168.6015,12.4784,REX,,0.3911,20.4774,19.1977,18.4251
168.8718,33.1114,SER,,0.1977,18.681,17.5381,16.8113
169.0439,-9.3973,SER,,0.7511,21.7187,20.7491,19.6099
169.109,-3.5599,EXP,,0.1567,20.9263,20.3233,19.8592
169.2677,21.3563,SER,,0.1731,18.9017,18.0027,17.4019
169.3152,27.909,DEV,,0.6278,21.6374,19.8372,18.3627
169.8478,9.0554,DEV,,0.5496,21.9567,20.0811,18.8178
169.9783,9.6867,DEV,,0.3873,20.9061,19.1736,18.3185
170.0224,31.5063,REX,,0.7883,23.2951,21.4983,19.7269
170.608,-0.7483,SER,0.7119,0.6744,21.8346,19.9362,18.383
171.7047,16.8241,REX,,0.7798,21.5353,20.695,19.5302
171.9155,14.2463,REX,,0.4991,21.0084,19.7424,18.9894
172.043,-5.744,SER,,0.6569,21.7909,20.1997,18.7958
172.0467,6.4333,SER,0.2784,0.2827,19.3006,17.7568,16.9628
172.5213,26.4132,DEV,,0.8381,23.5594,21.759,19.773
172.5266,23.2356,SER,,0.3213,19.0831,17.5399,16.6753
172.5426,29.7972,EXP,,0.7061,23.577,21.4604,19.8619
172.5959,-6.8762,SER,,0.1919,17.4757,16.1958,15.4149
172.719,15.3708,SER,,0.5583,21.9909,20.2581,19.0579
173.1781,25.4787,SER,,0.8594,21.38,20.6063,19.3231
173.8651,1.2073,DEV,,0.6999,22.9122,20.999,19.3878
174.2082,10.0236,SER,0.6009,0.6014,21.0083,19.3133,17.9337
174.7971,17.5769,DEV,0.3179,0.3089,19.0602,17.4586,16.6215
175.1694,11.188,DEV,0.5084,0.4492,20.9526,19.144,18.0118
175.5973,-4.2701,SER,,0.4237,22.1596,20.2791,19.1891
175.6635,6.2994,DEV,,0.7552,22.3194,20.7853,19.1331
176.0994,13.6917,SER,,0.1708,19.2312,18.0789,17.3504
176.1563,26.0035,SER,,0.5317,20.8651,19.3408,18.271
176.1872,26.8479,SER,,0.6423,20.7907,19.7261,18.7409
176.5616,24.5493,DEV,,0.8786,22.9112,21.4641,19.6249
176.9451,18.0651,EXP,,0.8212,21.1368,20.5081,19.4367
177.3266,7.0891,REX,,0.362,21.4343,19.7848,18.9869
177.8572,-2.9214,SER,,0.1002,20.1856,19.853,19.5959
178.6008,8.2388,DEV,,0.6971,23.245,21.3184,19.7286
179.3542,28.7891,DEV,,0.7817,22.877,21.1743,19.2744
179.6614,-5.7352,SER,,0.2604,18.8343,17.4818,16.7342
180.0926,-3.0527,DEV,,0.4492,21.4119,19.797,18.734
180.1825,2.5757,SER,0.2999,0.2995,19.2781,17.6671,16.8265
180.3616,29.0116,DEV,0.5204,0.5368,21.57,20.0126,18.8685
180.7894,26.0433,SER,,0.6008,20.61,19.4336,18.4582
180.8572,29.2708,DEV,0.6501,0.6838,22.2739,20.4302,18.8876
181.029,28.5577,SER,0.3641,0.3659,20.3186,18.5565,17.6183
181.0404,-4.8232,SER,,0.2476,19.7066,18.3194,17.5511
181.0632,-4.2916,SER,,0.2494,20.0958,18.7535,17.9897
181.2129,17.357,SER,0.4597,0.4341,20.2169,18.5436,17.5006
181.2648,17.5534,EXP,0.5632,0.5741,21.0396,19.8381,18.8954
181.4467,2.2795,SER,,0.6067,22.1965,20.4001,19.0234
181.6892,22.7196,SER,,0.1764,18.7544,17.5775,16.8223
182.9793,20.4835,DEV,,0.7149,21.6612,19.7395,18.0415
183.2613,-5.73,DEV,,0.7097,23.6985,22.3195,19.9502
183.3195,-0.8096,DEV,,0.778,22.6844,20.9618,19.197
183.3839,-8.1969,DEV,,0.6348,22.998,21.2197,19.7637
183.5571,31.328,SER,0.0653,0.0657,17.9013,17.5178,17.3014
184.6321,4.2492,DEV,,0.8739,23.5104,21.5309,19.631
184.9937,18.8802,DEV,0.5439,0.5421,21.4315,19.4766,18.204
185.1026,-2.7003,SER,,0.3979,19.8939,18.4871,17.6312
185.2098,1.4695,DEV,,0.4239,21.6607,20.0278,19.0585
185.2776,13.8077,DEV,,0.6576,22.6576,21.0489,19.6236
185.9464,5.1131,SER,,0.2155,19.4053,18.2678,17.5929
186.0206,12.2406,DEV,,0.751,22.8586,21.4375,19.8626
186.0899,-7.1587,DEV,,0.4056,22.0993,20.5778,19.7507
186.2634,30.6181,DEV,,0.6244,22.5568,20.745,19.3179
186.2934,12.4542,SER,,0.3956,20.0804,18.5845,17.6585
186.666,13.9532,EXP,0.7403,0.7474,23.0276,20.983,19.2329
186.8778,13.7089,EXP,,0.8263,22.3003,21.1436,19.6247
187.2555,7.2983,DEV,,0.4406,22.2365,20.6528,19.7068
187.2767,-3.185,DEV,,0.5863,21.6915,20.2108,19.0188
187.3124,14.3889,DEV,,0.8312,23.4502,21.7356,19.9027
187.6218,8.996,SER,0.0894,0.1182,17.9876,17.5474,17.1795
188.3981,16.1326,EXP,,0.3744,20.923,19.5474,18.65
188.4067,31.1302,EXP,,0.403,22.114,20.5661,19.5911
188.6868,23.0144,SER,,0.3449,20.3608,18.728,17.8787
188.9747,-5.5518,SER,,0.1747,18.598,17.5664,16.8526
190.0217,14.1341,REX,,0.3964,20.5434,19.1898,18.3803
190.6122,6.5043,SER,0.2285,0.2295,19.0339,17.6631,16.9056
191.3373,19.8407,SER,0.6349,0.488,20.5087,19.4965,18.7261
191.4897,1.5898,SER,0.4696,0.4495,20.6374,19.006,17.9972
191.5623,-6.1668,SER,,0.3235,19.3794,17.7603,16.8055
191.7869,-4.3236,DEV,,0.7638,23.0227,21.3549,19.7144
191.8657,16.7446,EXP,,0.8714,22.2015,21.3603,19.8344
191.9513,-7.2264,SER,,0.1176,20.2645,19.7795,19.469
192.1823,13.9856,DEV,,0.7572,22.274,20.949,19.3165
192.3612,28.5142,DEV,0.2403,0.243,17.8667,16.4398,15.6121
193.0067,6.2367,DEV,0.3754,0.3817,20.5701,18.7738,17.8705
193.3659,-6.3604,DEV,,0.3755,20.3576,18.6678,17.718
193.6684,31.7884,REX,,0.4701,20.7226,19.4953,18.7011
194.0146,19.3542,SER,,0.5741,20.7851,19.8087,19.1307
194.6332,10.6164,SER,0.3914,0.3781,19.5027,17.7163,16.7898
194.7185,4.1241,DEV,0.6046,0.6256,21.4181,20.0944,18.9105
195.0799,-6.0092,SER,,0.3487,19.5157,17.8347,16.9572
195.2422,9.6583,REX,,0.3371,23.0701,21.7767,19.9814
195.6601,4.2135,REX,,0.4608,20.6962,19.6841,18.8779
196.3629,20.3684,SER,0.2838,0.2813,18.9853,17.4573,16.6273
196.5029,26.1775,EXP,,0.7316,21.5534,20.5346,19.4169
196.6381,17.9711,SER,,0.2878,20.7382,19.5695,18.3885
197.0766,29.7797,DEV,,0.6858,23.1493,21.2433,19.6973
197.487,16.9179,REX,,0.3967,22.5207,20.7128,19.8178
197.876,-5.8714,SER,,0.4795,20.3754,18.4446,17.315
198.0104,20.5305,REX,,0.8212,21.7221,20.9487,19.8386
198.2009,22.4869,REX,,0.5307,21.2064,19.7912,18.7405
198.2488,4.6017,SER,,0.3019,19.93,18.3915,17.5897
198.6052,19.1076,DEV,,0.7593,22.5318,20.7897,19.0604
199.0319,26.2091,SER,,0.7286,22.8364,20.9545,19.288
199.7131,16.3005,DEV,,0.7832,22.8211,20.8903,19.0935
199.9215,22.0204,REX,0.62,0.623,21.0214,19.8288,18.6747
199.9666,32.6491,DEV,0.6311,0.6347,20.5608,19.0852,17.7102
200.1945,6.7833,REX,,0.9375,22.6242,21.6695,19.8909
200.2896,29.3007,SER,0.2073,0.2008,18.4831,17.3533,16.6526
200.6841,18.7177,SER,0.6939,0.6987,22.452,20.5669,18.936
201.0214,29.3688,SER,,0.2491,20.1029,18.71,17.965
201.2567,2.9358,DEV,,0.575,21.6309,20.0739,18.9115
201.3124,16.8894,SER,,0.5652,20.6197,19.5372,18.7055
201.7368,-2.6517,DEV,,0.6065,22.5585,20.8708,19.5325
202.0028,8.0072,SER,0.6006,0.556,21.2575,20.04,18.9579
202.242,25.4505,DEV,0.7035,0.6923,22.131,20.3576,18.7937
202.7518,-9.419,DEV,,0.2313,20.6264,20.0843,19.5715
202.8957,-7.0206,EXP,,0.446,20.4749,19.3146,18.6142
202.9464,-0.5768,DEV,,0.4776,22.0911,20.3147,19.2639
203.4462,17.4837,SER,,0.203,18.7866,17.5485,16.7779
203.8323,-9.6974,SER,,0.5128,20.7675,19.2009,18.1621
204.1595,-4.8313,SER,,0.6048,20.5248,19.1578,17.9937
204.3909,15.5516,SER,0.257,0.26,19.0828,17.6165,16.8418
204.785,16.4254,EXP,,0.7422,21.2213,20.4046,19.3855
205.1256,22.3604,EXP,,0.7097,21.7206,20.5479,19.3095
205.1685,-9.4124,DEV,,0.6376,22.0233,20.5474,19.2519
205.3412,-4.3779,SER,0.277,0.2614,18.8564,17.3977,16.6199
206.9151,-2.1474,SER,0.3226,0.3194,19.3439,17.7054,16.8151
207.2661,12.9668,DEV,,0.5901,22.9423,21.0753,19.71
207.3574,26.906,SER,0.765,0.7144,21.6718,20.3121,18.8255
207.4002,13.8952,DEV,,0.3853,19.6662,18.3699,17.5125
207.819,7.781,SER,,0.2272,19.5561,18.2001,17.423
207.9182,3.4529,SER,0.169,0.1713,18.5846,17.452,16.7139
208.7573,29.6704,DEV,,0.504,21.1249,19.5139,18.5645
208.8037,17.018,DEV,,0.7153,23.0612,21.2251,19.5891
208.8292,13.4276,SER,0.5966,0.7159,22.3395,20.4755,18.8566
209.0021,12.1304,DEV,,0.3566,22.1783,20.6038,19.7207
209.0084,32.5431,REX,,0.4484,21.7324,20.5691,19.7157
209.2218,-5.3941,EXP,,0.8211,21.5093,20.6573,19.4391
209.8393,9.6393,SER,,0.1698,20.5734,19.7409,19.0312
209.9508,28.8567,SER,0.2494,0.2515,19.072,17.6312,16.8623
210.0861,10.3753,DEV,0.7728,0.782,22.1736,20.8555,19.2619
210.6016,29.2996,DEV,0.6239,0.63,22.3064,20.531,19.1019
210.7249,17.7546,REX,,0.2039,18.9076,18.2267,17.6986
211.2052,32.5226,SER,0.234,0.2195,18.7003,17.4285,16.6631
211.5657,7.9669,DEV,,0.8676,23.6732,21.7606,19.8698
211.9221,32.3015,SER,0.3585,0.3416,19.3502,17.7361,16.8633
212.2009,6.384,DEV,,0.4574,22.0934,20.228,19.1716
212.26,24.9884,SER,,0.2042,18.7634,17.5098,16.7821
212.5048,19.7519,REX,,0.9596,22.7879,21.5381,19.5864
212.8671,-1.0851,SER,,0.1544,20.7401,20.2648,19.9684
213.1381,-4.4031,SER,,0.1921,20.4739,19.8618,19.4606
213.5652,6.0288,DEV,,0.6914,22.1628,20.6548,19.1859
214.017,28.3596,DEV,,0.6567,21.854,20.2458,18.831
214.0188,10.4562,REX,0.6114,0.5821,20.977,19.9734,19.116
214.1335,-7.742,EXP,,0.0747,19.6996,19.41,19.1915
214.251,7.7385,SER,,0.2135,20.643,19.4239,18.708
214.4553,19.3239,DEV,,0.6284,21.9303,20.203,18.8094
214.6244,-3.808,SER,,0.3177,21.4067,20.2595,19.1523
215.0339,30.1006,SER,0.5882,0.6238,21.6816,20.053,18.7107
215.0615,-2.1316,DEV,,0.7242,22.4393,20.8886,19.3074
215.5076,9.3434,REX,,0.2354,20.4453,19.4872,18.4847
215.8289,-6.6287,DEV,,0.7809,22.5278,21.1019,19.4411
215.8532,7.7331,DEV,,0.7378,22.8387,21.0146,19.3523
215.97,24.1505,SER,,0.0302,17.7873,17.4769,17.2969
216.3843,3.4806,DEV,0.5294,0.5227,21.3333,19.8915,18.824
216.8824,20.5797,SER,,0.9078,21.6436,20.9562,19.5347
216.9525,19.4084,DEV,,0.7771,22.8712,21.2748,19.61
217.9243,24.9398,SER,,0.2883,20.9368,19.866,18.963
217.9373,10.7627,SER,,0.5066,21.2634,19.5568,18.4145
218.0433,0.8438,DEV,0.4805,0.4708,21.0908,19.174,18.0841
218.3265,0.7955,SER,0.3555,0.3947,20.4885,19.1528,18.2747
218.4886,-0.3132,EXP,,0.2655,20.5395,19.81,19.2923
218.4889,-0.3129,DEV,0.4027,0.328,20.9432,19.2329,18.1829
218.6884,16.9367,DEV,,0.689,23.4982,21.993,19.8051
218.7075,30.633,SER,0.5605,0.562,20.7099,18.8887,17.6022
218.8192,13.6707,DEV,,0.7692,23.1725,21.1403,19.3134
220.8753,14.5127,DEV,,0.6774,23.3231,21.1531,19.5741
220.96,33.2722,DEV,,0.6699,22.6668,21.156,19.7715
221.0742,-0.2399,REX,0.6057,0.5687,21.432,20.2079,19.1542
221.1131,24.4417,SER,,0.4536,22.2931,20.2505,19.1851
221.213,-7.8548,SER,,0.1493,18.5847,17.6432,16.938
221.4378,28.0321,EXP,,0.3123,22.0361,20.632,19.7744
223.4362,1.3928,EXP,,0.736,22.7869,21.4263,19.9564
223.6155,7.739,SER,,0.6512,21.2549,19.4876,17.997
224.7407,11.6497,REX,,0.4997,20.6723,19.2549,18.2629
225.1094,-1.5134,DEV,,0.886,23.4547,22.0492,19.9041
225.1751,9.2879,DEV,,0.3442,20.8903,19.2283,18.3373
225.8283,13.4699,SER,,0.3001,19.2074,18.1367,17.3565
225.8356,12.6653,SER,,0.2889,19.3512,18.047,17.2317
226.2619,33.9141,DEV,,0.8463,23.8622,21.6854,19.6908
226.5823,5.795,DEV,0.6034,0.598,21.5662,19.7708,18.3837
226.9622,3.8821,REX,,0.3012,21.3317,19.8542,19.1205
227.1632,-6.7806,SER,,0.3817,22.0068,20.7299,19.0327
227.4713,2.3711,SER,,0.5404,21.5917,20.2651,19.1709
227.5926,14.2754,REX,,0.3607,20.8278,19.2042,18.121
227.8337,5.6539,DEV,,0.8448,23.0979,21.5061,19.595
228.2935,5.9962,SER,,0.3302,21.0195,19.4151,18.5023
228.7408,11.0786,SER,,0.5985,20.7582,19.9007,19.1025
229.4614,4.8029,EXP,,0.1176,20.7356,20.2637,19.8899
229.4894,33.3313,SER,,0.3138,20.74,20.0198,19.4285
229.6066,8.571,DEV,,0.1721,21.5045,19.2676,17.9566
229.999,19.1805,SER,,0.089,19.7514,19.3988,19.6813
230.7214,25.5911,DEV,,0.6454,22.1321,20.5794,19.2375
230.8356,18.9549,SER,,0.4771,20.8392,19.7596,18.7864
230.9668,9.7139,DEV,0.6104,0.6063,21.3538,19.4798,18.0349
231.2629,8.2788,SER,0.2263,0.2289,19.0375,17.6513,16.8789
231.3206,28.8625,EXP,,0.5567,22.5627,20.9612,19.7512
231.7983,9.0838,SER,0.5834,0.5789,21.5429,19.5483,18.1556
232.0997,28.8364,SER,0.224,0.218,18.1137,16.773,15.9954
232.3559,23.9982,EXP,,0.2341,20.9803,20.1992,19.5976
232.4498,24.9409,SER,,0.3256,20.7865,19.139,18.2409
232.483,10.6132,SER,,0.3822,20.6624,19.9393,19.5786
232.4838,9.3186,DEV,0.3006,0.282,19.1553,17.6519,16.8171
232.6362,3.1539,SER,,0.2144,20.7201,20.1113,19.7035
232.6523,27.555,DEV,,0.311,20.4455,19.0299,18.2024
232.7059,11.8441,DEV,,0.5793,22.7557,21.074,19.86
232.8948,-0.3206,DEV,0.6731,0.701,22.5456,20.7554,19.1242
234.2879,18.2991,REX,,0.2187,19.6717,18.5593,17.7598
235.2821,19.8274,REX,,0.4137,22.5778,20.8868,19.9867
236.3351,24.6376,DEV,0.5914,0.61,22.7001,20.7564,19.306
236.5188,19.893,SER,,0.341,21.1469,19.4815,18.5587
236.6363,1.0787,SER,0.2595,0.2613,18.088,16.527,15.6489
237.7919,19.137,SER,,0.6808,22.6996,20.8177,19.231
238.3405,20.3378,DEV,,0.4725,21.3201,19.679,18.5811
238.367,7.5914,SER,,0.3735,21.944,20.6006,18.7738
238.43,7.7147,SER,0.5309,0.5439,21.8037,19.9591,18.7295
239.0331,18.4179,SER,,0.1482,18.7964,17.772,17.0106
239.1046,14.7667,REX,,0.741,23.0932,21.3722,19.7978
239.7937,28.3132,DEV,0.5537,0.5643,22.0013,20.2161,18.9527
239.9199,11.0219,REX,0.543,0.5553,22.7506,20.908,19.6316
240.3583,2.5081,SER,,0.3513,21.7589,19.9308,18.9445
241.1902,13.7814,SER,0.4207,0.4174,19.7612,17.8218,16.8236
241.8388,29.5266,SER,,0.1995,21.1361,20.2191,18.4832
242.9285,20.9903,SER,,0.039,17.8473,17.4328,17.1216
243.9804,22.1574,SER,0.2844,0.2812,18.9784,17.3984,16.5517
244.2151,7.9716,SER,,0.2665,21.3547,20.5083,19.3481
244.8035,25.1329,DEV,0.7145,0.7001,23.0271,21.1355,19.48
245.2831,1.0816,DEV,,0.6152,23.0548,21.2833,19.8308
245.8346,21.9263,SER,0.4836,0.4772,20.2326,18.5502,17.4667
246.7355,22.6448,DEV,,0.4005,21.7084,19.7954,18.8479
247.102,29.9535,REX,,0.1725,20.1256,19.672,19.3865
248.1916,19.0905,DEV,0.6067,0.6126,21.548,20.0692,18.8369
249.5395,5.6047,SER,,0.5761,22.0476,20.2885,19.0049
251.7091,16.5401,SER,,0.2832,19.6541,18.2494,17.399
252.3811,0.3002,REX,,0.2207,19.9073,18.808,17.958
253.6102,28.274,REX,,0.1525,20.7643,20.0409,18.9776
253.9337,20.3585,DEV,0.483,0.4752,22.0662,20.1802,19.1008
254.4279,9.0709,SER,,0.2483,19.2876,17.7742,16.7532
254.5243,24.8144,DEV,,0.9773,23.0761,21.445,19.3407
254.8946,24.9421,SER,,0.2092,20.7496,20.1262,19.6568
255.0544,18.4654,SER,,0.2459,20.9159,19.7723,18.9331
255.6054,12.7866,DEV,,0.8047,23.7494,21.8312,19.8993
256.9343,10.63,DEV,,0.381,22.5129,20.7036,19.7323
257.4001,7.9392,DEV,,0.3621,19.5332,17.6999,16.7002
258.0265,26.8387,SER,0.7732,0.7841,22.2868,20.4817,18.6253
258.2188,19.7069,EXP,,0.2614,20.6095,19.87,19.5132
258.3053,31.6907,REX,,0.5943,20.2787,19.7603,19.1643
258.9648,8.1519,SER,,0.4401,22.2508,20.2805,19.103
258.9829,23.9724,SER,0.2098,0.2096,18.7603,17.5481,16.687
259.3684,14.6789,SER,,0.4315,20.332,18.3767,17.2981
259.7586,16.2699,DEV,,0.1947,21.0845,20.2291,19.0123
260.2983,26.2655,SER,,0.2685,21.1074,19.8314,18.6622
260.6208,11.1674,SER,,0.2692,21.3328,20.4816,19.8411
261.4025,25.9037,SER,,0.2885,20.2246,18.8966,18.2155
261.6745,9.7743,SER,,0.4458,22.6883,21.2655,19.627
262.4264,26.8864,SER,,0.1577,18.9684,17.8094,17.0323
262.4746,31.841,SER,,0.3863,21.6878,20.1993,19.3158
262.6199,32.3455,DEV,0.4179,0.3727,20.7038,18.9673,18.1007
262.753,24.6631,REX,,0.3954,20.4459,19.5875,18.7291
262.9158,22.8688,REX,,0.4357,22.4593,20.6987,19.7854
263.0367,17.2703,SER,,0.0912,18.7567,17.7951,17.1049
263.0938,13.3852,EXP,,0.5647,22.3495,20.9741,19.6655
263.9961,13.1104,SER,,0.1465,20.1784,19.5177,19.0875
264.1112,32.4168,SER,,0.2499,18.8573,17.4691,16.6262
264.5487,14.9566,DEV,,0.4174,20.399,18.5522,17.5778
266.7484,20.7917,SER,,0.182,20.3006,19.0796,18.3096
266.9091,22.6143,SER,,0.2422,19.7367,18.2632,17.3909
267.3378,24.0278,SER,,0.2137,18.8001,17.7788,17.1236
268.9016,19.0019,DEV,,0.8388,23.885,21.9422,19.9456
270.7031,33.4799,SER,,0.3567,21.6592,20.431,19.0716
271.2557,30.0678,SER,,0.0987,19.8925,19.5263,19.1782
274.4768,31.3848,EXP,,0.2379,21.037,20.3196,19.8946
303.4839,-56.5214,EXP,,0.6689,21.9017,20.8821,19.8728
303.9644,-54.2563,DEV,,0.4428,21.4532,19.8083,18.79
303.9848,-58.0229,DEV,,0.9201,24.3453,21.917,19.9223
304.618,-48.6581,SER,,0.1111,19.2051,18.8021,18.5067
305.0242,-58.1724,SER,,0.2511,20.5137,19.6425,19.1716
305.5286,-61.6741,REX,,0.6073,21.0794,19.7058,18.5265
306.6999,-54.8106,DEV,,0.6685,22.422,20.7273,19.2627
307.5698,-61.2704,SER,,0.2407,21.1989,20.4142,19.0655
307.7387,1.0324,EXP,,0.2239,20.5957,19.8422,19.5937
308.0694,-43.6335,SER,,0.4973,21.3776,19.6701,18.5501
308.6583,-39.9556,SER,,0.2375,17.9233,16.5537,15.8057
309.8367,-64.0853,DEV,,1.0671,24.455,22.1869,19.9464
310.2458,-40.6725,SER,,0.5897,21.2435,20.506,19.2079
310.2729,-7.305,SER,,0.5336,21.2964,19.5138,18.3077
310.7236,-0.1833,DEV,,0.6628,20.7934,20.0013,18.8187
311.6134,4.4633,SER,,0.2459,18.6968,17.5705,16.804
311.8344,-53.0085,SER,,0.114,18.4682,17.4605,16.5323
311.9742,-9.8396,EXP,,0.1459,20.18,19.6544,18.9008
312.0409,-40.5419,SER,,0.3825,19.8509,19.2928,18.8291
312.3499,-12.9632,REX,,0.7534,21.4153,20.4793,19.3625
312.3517,5.4473,DEV,,0.6439,23.1078,21.0517,19.4772
312.504,-54.0727,REX,,0.6776,23.373,21.299,19.7543
313.18,-4.8964,REX,,0.3334,21.4161,20.4599,19.2695
313.3198,-4.7254,SER,,0.1539,18.5859,17.5107,16.757
313.3734,-44.6073,SER,,0.6546,21.5426,19.8111,18.3346
313.9743,4.6601,SER,,0.5608,20.7678,18.8477,17.4893
314.2657,-48.0901,SER,,0.524,21.799,20.2585,19.1945
314.792,5.7289,DEV,,0.4904,22.0643,20.9689,19.5741
315.7004,7.4176,SER,,0.6343,21.5349,19.6212,18.0682
315.7953,-6.9852,DEV,,0.3348,21.2088,19.506,18.5226
316.0516,-49.0079,REX,,0.5703,20.6619,19.52,18.6839
316.0597,-9.895,REX,,0.4784,20.9977,19.7864,18.8329
316.0793,-58.1858,DEV,,0.8693,22.4703,21.4028,19.7218
316.1132,-8.2995,SER,,0.0711,17.7871,17.4264,17.2053
316.4195,5.6205,SER,,0.2981,19.8894,18.2919,17.4392
316.939,6.0716,REX,0.5812,0.6132,21.316,20.041,19.0204
316.9525,5.9534,SER,,0.0562,18.3612,17.6573,17.144
317.243,12.2366,DEV,,0.6809,22.7951,21.0546,19.4732
317.279,-6.0107,REX,,0.572,21.4772,20.008,18.8447
317.5986,-64.1718,DEV,,0.6162,22.5064,20.7333,19.3405
318.0882,-48.0298,SER,,0.5875,21.9479,20.0627,18.6488
318.339,16.2831,SER,,0.338,20.7367,19.2362,18.2495
318.4408,3.5882,EXP,,0.8309,21.4361,20.7059,19.3883
318.5106,-46.5665,DEV,,0.6352,22.1879,20.8958,19.5982
318.5893,6.2992,SER,,0.1755,18.6164,17.4909,16.7224
319.5386,-0.6818,SER,,0.8913,21.461,20.8017,19.61
319.6863,16.9171,SER,,0.2959,21.325,19.8041,18.4043
319.7069,-46.3994,REX,,0.6933,21.4159,20.3592,19.1852
319.8335,-11.8322,DEV,,0.7218,21.282,20.283,19.1049
320.0084,-46.3239,DEV,,0.775,23.3986,21.6839,19.9287
320.7118,-61.1815,SER,,0.4333,20.4474,18.4721,17.4235
320.9797,-62.7513,SER,,0.2478,19.0334,17.6203,16.861
321.5023,-53.4783,DEV,,0.5406,22.3467,20.4265,19.216
321.7134,4.4158,SER,,0.4422,20.6649,18.8239,17.7036
322.1476,20.868,SER,,0.792,22.3459,20.6366,18.7766
323.0026,12.7214,SER,,0.227,19.2548,17.8349,17.023
323.3214,-46.7893,SER,,0.5208,21.7476,20.2172,19.1911
323.7023,20.3546,SER,,0.3287,21.7195,20.6792,19.9013
323.8237,-59.2689,DEV,,0.5833,22.816,20.9887,19.6468
324.082,-55.6513,SER,,0.2433,20.3181,19.1951,18.5996
324.0972,-11.1479,SER,,0.1044,20.1264,19.7987,19.5774
325.0096,-56.6805,SER,,0.3016,19.5407,18.3341,17.6088
325.2393,-44.248,SER,,0.5534,21.2159,19.3205,18.0439
325.557,-50.288,DEV,,0.3309,20.8818,19.5354,18.794
325.7874,-0.3722,SER,,0.8178,22.2119,21.1992,19.6388
325.7947,14.5222,SER,,0.4102,20.7079,18.6695,17.6133
325.896,-56.4407,REX,,0.5738,21.1374,19.9645,18.8955
326.0105,-43.3965,SER,,0.2754,18.5164,16.9531,16.1549
326.0676,8.6507,REX,,0.7439,20.9578,20.2166,19.21
326.1454,13.9478,REX,,0.7779,22.7092,21.42,19.9182
326.3829,-0.8536,DEV,,0.7477,23.515,21.6916,19.9828
326.7564,-43.9179,SER,,0.4533,21.2815,19.6472,18.7276
328.2941,-51.9634,DEV,,0.6723,22.8345,21.1294,19.6302
328.6067,17.7442,SER,,0.212,18.8008,17.4425,16.6107
328.6616,16.4799,SER,,0.3038,21.3906,20.0951,18.9193
328.9019,-13.3827,SER,,0.5673,21.2752,19.3572,18.0196
328.9418,-2.2037,SER,,0.2836,21.3422,19.7286,18.19
329.1416,1.4529,SER,,0.2235,19.1592,18.0892,17.3587
329.1839,5.3738,SER,,0.3136,19.2565,17.6181,16.7452
329.2667,24.0907,DEV,0.6291,0.5945,21.4648,20.0643,18.9624
329.6793,-0.5184,DEV,0.9206,0.8628,23.723,21.8407,19.7312
329.7693,14.7381,SER,0.3896,0.3788,19.4523,17.6316,16.6701
329.9221,-51.3195,SER,,0.3093,20.4205,18.8922,18.1324
330.6222,-55.1202,SER,,0.584,21.7868,19.8432,18.4393
330.8711,23.8244,SER,0.2496,0.2143,18.803,17.4677,16.6349
331.0978,-54.5397,EXP,,0.6068,22.2296,20.7977,19.7107
331.3346,8.2446,REX,,0.689,20.8985,19.815,18.4858
331.5706,11.0652,SER,,0.1602,19.0496,17.8361,16.9868
331.5777,21.8262,SER,0.3439,0.3494,20.8944,19.117,18.1589
331.6785,-59.3258,SER,,0.6979,22.0229,20.0838,18.4368
331.6819,-43.203,SER,,0.2681,19.2669,17.8047,17.0481
332.2836,22.6408,SER,,0.337,21.8366,20.5097,18.903
332.6919,14.7354,DEV,0.5925,0.5878,22.157,20.5857,19.3112
333.3071,-4.3959,REX,,0.8325,22.2736,21.0076,19.3269
333.5987,26.0902,SER,,0.0418,17.9814,17.6227,17.3466
333.7661,14.7161,SER,,0.3867,20.3135,19.0128,18.2148
334.4318,-41.9083,SER,,0.742,21.6496,20.7765,19.6569
334.7495,-45.3162,SER,,0.6563,21.9921,20.0931,18.5977
334.7793,-41.4416,EXP,,0.6622,22.6752,21.0886,19.7146
334.7825,-8.9384,SER,,0.2514,20.0155,18.728,17.8538
334.9246,-0.1533,EXP,,0.2023,20.7744,20.2575,19.9855
334.983,26.4573,SER,,0.0823,20.3561,19.9653,19.6674
335.5652,13.6748,REX,,0.3675,21.4466,20.3243,19.5681
335.8476,-50.2645,SER,,0.2722,19.2661,17.7592,16.9963
335.8866,30.1966,SER,0.3205,0.2459,19.067,17.7524,16.8916
336.1373,-46.7369,SER,,0.568,22.3175,20.4685,19.174
336.2337,-0.3541,SER,0.3154,0.3138,19.1814,17.4729,16.5501
336.2728,-11.022,EXP,,0.2309,20.713,19.9403,19.4202
336.9616,29.3382,SER,,0.6839,22.7293,21.5915,19.7271
336.9729,26.3944,SER,,0.2472,20.6255,19.568,18.1023
337.2209,-51.987,SER,,0.6056,21.1653,19.2629,17.8023
338.5266,21.0554,DEV,0.7112,0.6972,22.3672,20.5343,18.9335
338.6973,-4.9618,DEV,,0.8732,23.0863,21.0029,18.9223
339.0246,18.8542,SER,0.3581,0.3665,19.409,17.6313,16.6952
339.1077,-8.7842,DEV,,0.5826,22.3928,20.4219,19.0619
339.4803,3.6235,SER,,0.518,21.4569,20.1344,19.126
339.895,32.4535,SER,0.2224,0.2212,18.8445,17.4577,16.6605
340.5131,0.257,SER,,0.2475,20.0398,19.14,18.5069
340.5554,-2.457,SER,,0.6788,22.5478,21.1495,19.7164
341.0138,15.1939,DEV,,0.3804,21.0803,19.2139,18.1934
341.3927,-40.2253,REX,,0.7277,23.5897,21.5904,19.9251
341.5026,19.8443,REX,,0.4527,21.4649,20.1982,19.4463
341.7089,-7.2941,DEV,,0.775,22.9307,20.7326,18.8647
341.9176,4.3378,DEV,0.8674,0.8668,23.6351,21.0578,18.9973
342.1104,-13.6086,REX,,0.3836,21.7962,19.984,19.0423
342.4173,-0.821,SER,,0.3101,20.1119,19.165,18.505
342.5069,-62.0605,REX,,0.295,19.9547,18.9798,18.2479
342.5359,26.2446,DEV,0.712,0.7096,22.6145,20.4758,18.742
342.6464,-44.4353,SER,,0.607,22.0292,20.1626,18.7483
342.774,-65.5787,DEV,,0.6415,22.728,21.0988,19.7527
343.0505,27.8913,SER,0.3869,0.3619,20.7243,18.9293,17.9669
343.0703,-3.4063,DEV,,0.6176,21.6728,20.123,18.7773
343.2068,-59.2154,SER,,0.5272,22.0271,20.1284,18.9139
343.5112,-65.4228,SER,,0.8319,22.8621,21.1038,19.195
344.2652,-11.175,REX,,0.9042,22.2035,21.3376,19.9721
344.3303,-49.8069,SER,,0.2735,19.0184,17.5102,16.7523
344.3366,-62.4157,DEV,,0.9189,24.1362,21.9342,19.9187
344.5368,-10.9632,DEV,,0.6809,23.0084,21.4318,19.9387
344.6595,14.1737,SER,0.458,0.5576,21.6634,20.1547,18.9632
344.8784,-60.5572,REX,,0.6044,21.4031,20.135,19.0025
344.8981,30.9378,SER,,0.624,22,20.5586,19.3303
345.0498,32.114,SER,,0.4429,20.7206,18.9007,18.0784
345.1964,33.28,DEV,0.6845,0.6809,22.1519,20.262,18.6142
345.4575,16.293,DEV,,0.2998,20.6955,19.3866,18.4101
345.5776,-9.493,SER,,0.2628,18.8013,17.4268,16.5764
345.6418,0.039,SER,,0.5271,21.6579,19.7015,18.4603
345.7436,30.7815,SER,,0.4048,21.7945,20.0527,19.1279
345.8589,13.9579,SER,0.3089,0.327,21.2905,19.5495,18.5372
345.9601,-6.7008,DEV,,0.8329,23.417,21.6295,19.7717
346.05,-55.4201,SER,,0.6887,22.3398,20.4798,18.8946
346.1899,10.8296,SER,,0.1891,18.9311,17.8892,17.1026
346.5242,-43.4316,SER,,0.4157,20.6117,18.8577,17.8858
346.5801,-59.1067,SER,,0.5356,20.9432,19.4093,18.3401
347.5057,-48.554,SER,,0.2946,19.2695,17.754,16.9875
347.9644,4.8155,DEV,,0.8473,23.601,21.5006,19.4156
348.0097,-53.7328,SER,,0.208,18.5276,17.7223,17.1584
348.2587,1.5606,DEV,,0.3404,19.9498,18.4335,17.469
348.8575,-43.1144,SER,,0.632,21.7456,20.3992,19.1469
349.0616,-40.9003,REX,,0.3643,20.7694,19.7052,18.8098
350.0879,-56.8959,SER,,0.7583,21.9905,20.8428,19.5162
350.1688,19.6627,SER,,0.6481,20.9469,19.672,18.3989
350.5624,19.8507,SER,,0.2115,18.9528,17.6461,16.8216
350.5875,-52.801,SER,,0.5887,21.0079,19.7523,18.7349
350.6795,10.925,DEV,0.5134,0.5313,20.6602,19.1368,18.069
350.8873,16.2595,SER,,0.1583,18.8582,17.7436,17.0077
351.0813,3.2869,EXP,,0.0718,18.1761,17.6691,17.2956
351.3161,-12.3875,SER,,0.3882,19.5794,17.7371,16.7981
351.5051,-49.8634,DEV,,0.8018,23.4277,21.4055,19.5512
351.7114,9.5516,SER,0.3385,0.3316,20.5763,18.9339,18.0603
351.9037,-54.2702,DEV,,0.9011,22.6823,21.5983,19.7012
351.9463,-41.2616,SER,,0.3643,19.5849,17.8134,16.9336
352.0889,29.9215,REX,,0.123,18.2518,17.7963,17.4716
352.7011,-7.3227,SER,,0.5049,21.5808,19.7807,18.6933
352.8747,-3.5622,SER,,0.6653,22.2722,20.414,18.8546
353.0522,-43.3556,SER,,0.5214,20.3544,18.5447,17.3723
353.8014,16.2913,SER,0.283,0.2811,19.2105,17.6862,16.7271
353.9212,-6.8142,DEV,,0.4047,20.9846,19.157,18.2273
354.0348,0.9016,SER,,0.6841,21.6528,20.6092,19.6049
354.1059,18.9786,DEV,,0.8534,24.023,21.9486,19.9972
354.1701,-1.2844,SER,,0.6588,22.2387,20.2716,18.7179
354.4695,-60.3908,REX,,0.5217,21.8212,20.5779,19.747
354.751,16.814,SER,,0.3079,20.5148,19.3398,18.5363
354.8325,8.6981,SER,,0.2054,18.8231,17.5505,16.7253
355.0491,9.0233,SER,,0.1888,18.6993,17.4422,16.6273
355.4229,-3.9534,SER,,0.6277,21.5407,19.836,18.4029
356.1448,-11.371,EXP,,0.7711,21.7647,20.8958,19.8895
356.7133,-3.3219,EXP,,0.1814,20.446,19.6225,19.0289
356.9366,-11.3459,REX,,0.4209,21.3399,20.3544,19.243
357.0329,28.1651,DEV,0.2856,0.2866,19.5343,17.9177,17.041
357.0468,5.6703,DEV,0.7276,0.6634,22.3382,20.4387,18.8742
357.312,27.0836,SER,0.196,0.198,18.7578,17.4685,16.678
357.3363,14.6488,DEV,,0.7038,22.5791,20.8927,19.3227
357.7044,-58.1052,SER,,0.3904,21.0318,20.278,19.8487
357.7685,-37.7309,DEV,,0.2456,18.828,17.6411,16.9359
357.9662,-8.0784,DEV,,0.2249,20.5954,19.3333,18.6141
358.1396,21.9827,DEV,,0.8547,22.9747,21.5009,19.4815
358.3734,25.8989,SER,0.2148,0.2207,18.9166,17.5107,16.6573
359.0579,4.7484,SER,0.4532,0.4553,20.9948,19.176,18.1427
359.1597,-1.9372,SER,0.5716,0.5713,21.7847,19.84,18.4919
359.3558,-51.3447,REX,,0.7069,21.1379,20.1929,19.1441
359.3678,-35.3376,SER,,0.5003,20.7534,19.0254,17.8717
